"Time","Hour","Hour_num","Temp_Air","Temp_Water","light_intensity","Tide_Status","Temp","tide_ID","Profile"
2024-07-09 14:00:00,"14:00",14,22.9555799925398,17,100,"Low_Tide",22.9555799925398,1,"1720533600-23001000"
2024-07-09 14:02:00,"14:02",14.0003333333333,22.9595807798626,17,100,"Low_Tide",22.9595807798626,1,"1720533720-23001000"
2024-07-09 14:04:00,"14:04",14.0006666666667,22.9633942605864,17,100,"Low_Tide",22.9633942605864,1,"1720533840-23001000"
2024-07-09 14:06:00,"14:06",14.001,22.9670201442998,17,100,"Low_Tide",22.9670201442998,1,"1720533960-23001000"
2024-07-09 14:08:00,"14:08",14.0013333333333,22.9704581548777,17,100,"Low_Tide",22.9704581548777,1,"1720534080-23001000"
2024-07-09 14:10:00,"14:10",14.0016666666667,22.9737080305024,17,100,"Low_Tide",22.9737080305024,1,"1720534200-23001000"
2024-07-09 14:12:00,"14:12",14.002,22.9767695236832,17,100,"Low_Tide",22.9767695236832,1,"1720534320-23001000"
2024-07-09 14:14:00,"14:14",14.0023333333333,22.9796424012756,17,100,"Low_Tide",22.9796424012756,1,"1720534440-23001000"
2024-07-09 14:16:00,"14:16",14.0026666666667,22.9823264444988,17,100,"Low_Tide",22.9823264444988,1,"1720534560-23001000"
2024-07-09 14:18:00,"14:18",14.003,22.9848214489526,17,100,"Low_Tide",22.9848214489526,1,"1720534680-23001000"
2024-07-09 14:20:00,"14:20",14.0033333333333,22.9871272246326,17,100,"Low_Tide",22.9871272246326,1,"1720534800-23001000"
2024-07-09 14:22:00,"14:22",14.0036666666667,22.9892435959452,17,100,"Low_Tide",22.9892435959452,1,"1720534920-23001000"
2024-07-09 14:24:00,"14:24",14.004,22.9911704017204,17,100,"Low_Tide",22.9911704017204,1,"1720535040-23001000"
2024-07-09 14:26:00,"14:26",14.0043333333333,22.9929074952246,17,100,"Low_Tide",22.9929074952246,1,"1720535160-23001000"
2024-07-09 14:28:00,"14:28",14.0046666666667,22.9944547441713,17,100,"Low_Tide",22.9944547441713,1,"1720535280-23001000"
2024-07-09 14:30:00,"14:30",14.005,22.9958120307316,17,100,"Low_Tide",22.9958120307316,1,"1720535400-23001000"
2024-07-09 14:32:00,"14:32",14.0053333333333,22.9969792515429,17,100,"Low_Tide",22.9969792515429,1,"1720535520-23001000"
2024-07-09 14:34:00,"14:34",14.0056666666667,22.9979563177166,17,100,"Low_Tide",22.9979563177166,1,"1720535640-23001000"
2024-07-09 14:36:00,"14:36",14.006,22.9987431548456,17,100,"Low_Tide",22.9987431548456,1,"1720535760-23001000"
2024-07-09 14:38:00,"14:38",14.0063333333333,22.999339703009,17,100,"Low_Tide",22.999339703009,1,"1720535880-23001000"
2024-07-09 14:40:00,"14:40",14.0066666666667,22.9997459167775,17,100,"Low_Tide",22.9997459167775,1,"1720536000-23001000"
2024-07-09 14:42:00,"14:42",14.007,22.9999617652162,17,100,"Low_Tide",22.9999617652162,1,"1720536120-23001000"
2024-07-09 14:44:00,"14:44",14.0073333333333,22.9999872318875,17,100,"Low_Tide",22.9999872318875,1,"1720536240-23001000"
2024-07-09 14:46:00,"14:46",14.0076666666667,22.9998223148521,17,100,"Low_Tide",22.9998223148521,1,"1720536360-23001000"
2024-07-09 14:48:00,"14:48",14.008,22.9994670266688,17,100,"Low_Tide",22.9994670266688,1,"1720536480-23001000"
2024-07-09 14:50:00,"14:50",14.0083333333333,22.9989213943945,17,100,"Low_Tide",22.9989213943945,1,"1720536600-23001000"
2024-07-09 14:52:00,"14:52",14.0086666666667,22.9981854595809,17,100,"Low_Tide",22.9981854595809,1,"1720536720-23001000"
2024-07-09 14:54:00,"14:54",14.009,22.9972592782725,17,100,"Low_Tide",22.9972592782725,1,"1720536840-23001000"
2024-07-09 14:56:00,"14:56",14.0093333333333,22.9961429210016,17,100,"Low_Tide",22.9961429210016,1,"1720536960-23001000"
2024-07-09 14:58:00,"14:58",14.0096666666667,22.994836472783,17,100,"Low_Tide",22.994836472783,1,"1720537080-23001000"
2024-07-09 15:00:00,"15:00",15,22.9933400331078,17,100,"Low_Tide",22.9933400331078,1,"1720537200-23001000"
2024-07-09 15:02:00,"15:02",15.0003333333333,22.9916537159358,17,100,"Low_Tide",22.9916537159358,1,"1720537320-23001000"
2024-07-09 15:04:00,"15:04",15.0006666666667,22.9897776496864,17,100,"Low_Tide",22.9897776496864,1,"1720537440-23001000"
2024-07-09 15:06:00,"15:06",15.001,22.9877119772295,17,100,"Low_Tide",22.9877119772295,1,"1720537560-23001000"
2024-07-09 15:08:00,"15:08",15.0013333333333,22.9854568558739,17,100,"Low_Tide",22.9854568558739,1,"1720537680-23001000"
2024-07-09 15:10:00,"15:10",15.0016666666667,22.983012457356,17,100,"Low_Tide",22.983012457356,1,"1720537800-23001000"
2024-07-09 15:12:00,"15:12",15.002,22.980378967826,17,100,"Low_Tide",22.980378967826,1,"1720537920-23001000"
2024-07-09 15:14:00,"15:14",15.0023333333333,22.9775565878344,17,100,"Low_Tide",22.9775565878344,1,"1720538040-23001000"
2024-07-09 15:16:00,"15:16",15.0026666666667,22.9745455323165,17,100,"Low_Tide",22.9745455323165,1,"1720538160-23001000"
2024-07-09 15:18:00,"15:18",15.003,22.9713460305756,17,100,"Low_Tide",22.9713460305756,1,"1720538280-23001000"
2024-07-09 15:20:00,"15:20",15.0033333333333,22.9679583262663,17,100,"Low_Tide",22.9679583262663,1,"1720538400-23001000"
2024-07-09 15:22:00,"15:22",15.0036666666667,22.9643826773754,17,100,"Low_Tide",22.9643826773754,1,"1720538520-23001000"
2024-07-09 15:24:00,"15:24",15.004,22.9606193562024,17,100,"Low_Tide",22.9606193562024,1,"1720538640-23001000"
2024-07-09 15:26:00,"15:26",15.0043333333333,22.9566686493387,17,100,"Low_Tide",22.9566686493387,1,"1720538760-23001000"
2024-07-09 15:28:00,"15:28",15.0046666666667,22.952530857646,17,100,"Low_Tide",22.952530857646,1,"1720538880-23001000"
2024-07-09 15:30:00,"15:30",15.005,22.9482062962331,17,100,"Low_Tide",22.9482062962331,1,"1720539000-22901000"
2024-07-09 15:32:00,"15:32",15.0053333333333,22.9436952944321,17,100,"Low_Tide",22.9436952944321,1,"1720539120-22901000"
2024-07-09 15:34:00,"15:34",15.0056666666667,22.9389981957733,17,100,"Low_Tide",22.9389981957733,1,"1720539240-22901000"
2024-07-09 15:36:00,"15:36",15.006,22.934115357959,17,100,"Low_Tide",22.934115357959,1,"1720539360-22901000"
2024-07-09 15:38:00,"15:38",15.0063333333333,22.929047152836,17,100,"Low_Tide",22.929047152836,1,"1720539480-22901000"
2024-07-09 15:40:00,"15:40",15.0066666666667,22.923793966368,17,100,"Low_Tide",22.923793966368,1,"1720539600-22901000"
2024-07-09 15:42:00,"15:42",15.007,22.9183561986053,17,100,"Low_Tide",22.9183561986053,1,"1720539720-22901000"
2024-07-09 15:44:00,"15:44",15.0073333333333,22.912734263655,17,100,"Low_Tide",22.912734263655,1,"1720539840-22901000"
2024-07-09 15:46:00,"15:46",15.0076666666667,22.9069285896493,17,100,"Low_Tide",22.9069285896493,1,"1720539960-22901000"
2024-07-09 15:48:00,"15:48",15.008,22.9009396187127,17,100,"Low_Tide",22.9009396187127,1,"1720540080-22901000"
2024-07-09 15:50:00,"15:50",15.0083333333333,22.8947678069284,17,100,"Low_Tide",22.8947678069284,1,"1720540200-22901000"
2024-07-09 15:52:00,"15:52",15.0086666666667,22.888413624304,17,100,"Low_Tide",22.888413624304,1,"1720540320-22901000"
2024-07-09 15:54:00,"15:54",15.009,22.881877554735,17,100,"Low_Tide",22.881877554735,1,"1720540440-22901000"
2024-07-09 15:56:00,"15:56",15.0093333333333,22.8751600959683,17,100,"Low_Tide",22.8751600959683,1,"1720540560-22901000"
2024-07-09 15:58:00,"15:58",15.0096666666667,22.8682617595646,17,100,"Low_Tide",22.8682617595646,1,"1720540680-22901000"
2024-07-09 16:00:00,"16:00",16,22.8611830708587,17,100,"Low_Tide",22.8611830708587,1,"1720540800-22901000"
2024-07-09 16:02:00,"16:02",16.0003333333333,22.8539245689204,17,100,"Low_Tide",22.8539245689204,1,"1720540920-22901000"
2024-07-09 16:04:00,"16:04",16.0006666666667,22.8464868065125,17,100,"Low_Tide",22.8464868065125,1,"1720541040-22801000"
2024-07-09 16:06:00,"16:06",16.001,22.8388703500495,17,100,"Low_Tide",22.8388703500495,1,"1720541160-22801000"
2024-07-09 16:08:00,"16:08",16.0013333333333,22.831075779554,17,100,"Low_Tide",22.831075779554,1,"1720541280-22801000"
2024-07-09 16:10:00,"16:10",16.0016666666667,22.8231036886128,17,100,"Low_Tide",22.8231036886128,1,"1720541400-22801000"
2024-07-09 16:12:00,"16:12",16.002,22.8149546843314,17,100,"Low_Tide",22.8149546843314,1,"1720541520-22801000"
2024-07-09 16:14:00,"16:14",16.0023333333333,22.8066293872881,17,100,"Low_Tide",22.8066293872881,1,"1720541640-22801000"
2024-07-09 16:16:00,"16:16",16.0026666666667,22.7981284314865,17,100,"Low_Tide",22.7981284314865,1,"1720541760-22801000"
2024-07-09 16:18:00,"16:18",16.003,22.7894524643073,17,100,"Low_Tide",22.7894524643073,1,"1720541880-22801000"
2024-07-09 16:20:00,"16:20",16.0033333333333,22.780602146459,17,100,"Low_Tide",22.780602146459,1,"1720542000-22801000"
2024-07-09 16:22:00,"16:22",16.0036666666667,22.7715781519274,17,100,"Low_Tide",22.7715781519274,1,"1720542120-22801000"
2024-07-09 16:24:00,"16:24",16.004,22.7623811679249,17,100,"Low_Tide",22.7623811679249,1,"1720542240-22801000"
2024-07-09 16:26:00,"16:26",16.0043333333333,22.7530118948372,17,100,"Low_Tide",22.7530118948372,1,"1720542360-22801000"
2024-07-09 16:28:00,"16:28",16.0046666666667,22.7434710461709,17,100,"Low_Tide",22.7434710461709,1,"1720542480-22701000"
2024-07-09 16:30:00,"16:30",16.005,22.7337593484984,17,100,"Low_Tide",22.7337593484984,1,"1720542600-22701000"
2024-07-09 16:32:00,"16:32",16.0053333333333,22.7238775414032,17,100,"Low_Tide",22.7238775414032,1,"1720542720-22701000"
2024-07-09 16:34:00,"16:34",16.0056666666667,22.7138263774231,17,100,"Low_Tide",22.7138263774231,1,"1720542840-22701000"
2024-07-09 16:36:00,"16:36",16.006,22.7036066219932,17,100,"Low_Tide",22.7036066219932,1,"1720542960-22701000"
2024-07-09 16:38:00,"16:38",16.0063333333333,22.6932190533875,17,100,"Low_Tide",22.6932190533875,1,"1720543080-22701000"
2024-07-09 16:40:00,"16:40",16.0066666666667,22.6826644626594,17,100,"Low_Tide",22.6826644626594,1,"1720543200-22701000"
2024-07-09 16:42:00,"16:42",16.007,22.671943653582,17,100,"Low_Tide",22.671943653582,1,"1720543320-22701000"
2024-07-09 16:44:00,"16:44",16.0073333333333,22.6610574425863,17,100,"Low_Tide",22.6610574425863,1,"1720543440-22701000"
2024-07-09 16:46:00,"16:46",16.0076666666667,22.6500066586995,17,100,"Low_Tide",22.6500066586995,1,"1720543560-22701000"
2024-07-09 16:48:00,"16:48",16.008,22.6387921434815,17,100,"Low_Tide",22.6387921434815,1,"1720543680-22601000"
2024-07-09 16:50:00,"16:50",16.0083333333333,22.6274147509612,17,100,"Low_Tide",22.6274147509612,1,"1720543800-22601000"
2024-07-09 16:52:00,"16:52",16.0086666666667,22.6158753475709,17,100,"Low_Tide",22.6158753475709,1,"1720543920-22601000"
2024-07-09 16:54:00,"16:54",16.009,22.604174812081,17,100,"Low_Tide",22.604174812081,1,"1720544040-22601000"
2024-07-09 16:56:00,"16:56",16.0093333333333,22.5923140355325,17,100,"Low_Tide",22.5923140355325,1,"1720544160-22601000"
2024-07-09 16:58:00,"16:58",16.0096666666667,22.5802939211695,17,100,"Low_Tide",22.5802939211695,1,"1720544280-22601000"
2024-07-09 17:00:00,"17:00",17,22.5681153843702,17,100,"Low_Tide",22.5681153843702,1,"1720544400-22601000"
2024-07-09 17:02:00,"17:02",17.0003333333333,22.5557793525773,17,100,"Low_Tide",22.5557793525773,1,"1720544520-22601000"
2024-07-09 17:04:00,"17:04",17.0006666666667,22.5432867652275,17,99.9284667804985,"Low_Tide",22.5432867652275,1,"1720544640-22501000"
2024-07-09 17:06:00,"17:06",17.001,22.5306385736795,17,99.484508706605,"Low_Tide",22.5306385736795,1,"1720544760-22500990"
2024-07-09 17:08:00,"17:08",17.0013333333333,22.5178357411423,17,99.036152685833,"Low_Tide",22.5178357411423,1,"1720544880-22500990"
2024-07-09 17:10:00,"17:10",17.0016666666667,22.504879242601,17,98.5834185388157,"Low_Tide",22.504879242601,1,"1720545000-22500990"
2024-07-09 17:12:00,"17:12",17.002,22.4917700647432,17,98.1263262797318,"Low_Tide",22.4917700647432,1,"1720545120-22500980"
2024-07-09 17:14:00,"17:14",17.0023333333333,22.4785092058835,17,97.6648961154204,"Low_Tide",22.4785092058835,1,"1720545240-22500980"
2024-07-09 17:16:00,"17:16",17.0026666666667,22.4650976758876,17,97.1991484444883,"Low_Tide",22.4650976758876,1,"1720545360-22500970"
2024-07-09 17:18:00,"17:18",17.003,22.4515364960956,17,96.7291038564074,"Low_Tide",22.4515364960956,1,"1720545480-22500970"
2024-07-09 17:20:00,"17:20",17.0033333333333,22.4378266992437,17,96.2547831306053,"Low_Tide",22.4378266992437,1,"1720545600-22400960"
2024-07-09 17:22:00,"17:22",17.0036666666667,22.423969329386,17,95.7762072355459,"Low_Tide",22.423969329386,1,"1720545720-22400960"
2024-07-09 17:24:00,"17:24",17.004,22.409965441815,17,95.2933973278034,"Low_Tide",22.409965441815,1,"1720545840-22400950"
2024-07-09 17:26:00,"17:26",17.0043333333333,22.3958161029808,17,94.806374751126,"Low_Tide",22.3958161029808,1,"1720545960-22400950"
2024-07-09 17:28:00,"17:28",17.0046666666667,22.3815223904104,17,94.3151610354932,"Low_Tide",22.3815223904104,1,"1720546080-22400940"
2024-07-09 17:30:00,"17:30",17.005,22.3670853926254,17,93.8197778961636,"Low_Tide",22.3670853926254,1,"1720546200-22400940"
2024-07-09 17:32:00,"17:32",17.0053333333333,22.3525062090591,17,93.3202472327148,"Low_Tide",22.3525062090591,1,"1720546320-22400930"
2024-07-09 17:34:00,"17:34",17.0056666666667,22.3377859499726,17,92.8165911280757,"Low_Tide",22.3377859499726,1,"1720546440-22300930"
2024-07-09 17:36:00,"17:36",17.006,22.3229257363708,17,92.3088318475498,"Low_Tide",22.3229257363708,1,"1720546560-22300920"
2024-07-09 17:38:00,"17:38",17.0063333333333,22.3079266999164,17,91.7969918378315,"Low_Tide",22.3079266999164,1,"1720546680-22300920"
2024-07-09 17:40:00,"17:40",17.0066666666667,22.2927899828442,17,91.281093726013,"Low_Tide",22.2927899828442,1,"1720546800-22300910"
2024-07-09 17:42:00,"17:42",17.007,22.2775167378736,17,90.7611603185849,"Low_Tide",22.2775167378736,1,"1720546920-22300910"
2024-07-09 17:44:00,"17:44",17.0073333333333,22.2621081281216,17,90.237214600427,"Low_Tide",22.2621081281216,1,"1720547040-22300900"
2024-07-09 17:46:00,"17:46",17.0076666666667,22.2465653270133,17,89.7092797337934,"Low_Tide",22.2465653270133,1,"1720547160-22200900"
2024-07-09 17:48:00,"17:48",17.008,22.2308895181933,17,89.1773790572873,"Low_Tide",22.2308895181933,1,"1720547280-22200890"
2024-07-09 17:50:00,"17:50",17.0083333333333,22.215081895435,17,88.6415360848303,"Low_Tide",22.215081895435,1,"1720547400-22200890"
2024-07-09 17:52:00,"17:52",17.0086666666667,22.1991436625502,17,88.1017745046221,"Low_Tide",22.1991436625502,1,"1720547520-22200880"
2024-07-09 17:54:00,"17:54",17.009,22.183076033297,17,87.5581181780941,"Low_Tide",22.183076033297,1,"1720547640-22200880"
2024-07-09 17:56:00,"17:56",17.0093333333333,22.1668802312876,17,87.0105911388537,"Low_Tide",22.1668802312876,1,"1720547760-22200870"
2024-07-09 17:58:00,"17:58",17.0096666666667,22.1505574898949,17,86.4592175916226,"Low_Tide",22.1505574898949,1,"1720547880-22200860"
2024-07-09 18:00:00,"18:00",18,22.134109052159,17,85.9040219111662,"Low_Tide",22.134109052159,1,"1720548000-22100860"
2024-07-09 18:02:00,"18:02",18.0003333333333,22.1175361706921,17,85.3450286412165,"High_Tide",17,2,"1720548120-17010850"
2024-07-09 18:04:00,"18:04",18.0006666666667,22.1008401075832,17,84.7822624933866,"High_Tide",17,2,"1720548240-17010850"
2024-07-09 18:06:00,"18:06",18.001,22.0840221343023,17,84.215748346079,"High_Tide",17,2,"1720548360-17010840"
2024-07-09 18:08:00,"18:08",18.0013333333333,22.067083531603,17,83.6455112433848,"High_Tide",17,2,"1720548480-17010840"
2024-07-09 18:10:00,"18:10",18.0016666666667,22.0500255894256,17,83.0715763939775,"High_Tide",17,2,"1720548600-17010830"
2024-07-09 18:12:00,"18:12",18.002,22.0328496067983,17,82.4939691699982,"High_Tide",17,2,"1720548720-17010820"
2024-07-09 18:14:00,"18:14",18.0023333333333,22.0155568917389,17,81.9127151059336,"High_Tide",17,2,"1720548840-17010820"
2024-07-09 18:16:00,"18:16",18.0026666666667,21.9981487611544,17,81.3278398974879,"High_Tide",17,2,"1720548960-17010810"
2024-07-09 18:18:00,"18:18",18.003,21.9806265407415,17,80.7393694004463,"High_Tide",17,2,"1720549080-17010810"
2024-07-09 18:20:00,"18:20",18.0033333333333,21.9629915648849,17,80.1473296295325,"High_Tide",17,2,"1720549200-17010800"
2024-07-09 18:22:00,"18:22",18.0036666666667,21.9452451765566,17,79.5517467572579,"High_Tide",17,2,"1720549320-17010800"
2024-07-09 18:24:00,"18:24",18.004,21.9273887272125,17,78.9526471127655,"High_Tide",17,2,"1720549440-17010790"
2024-07-09 18:26:00,"18:26",18.0043333333333,21.9094235766905,17,78.3500571806651,"High_Tide",17,2,"1720549560-17010780"
2024-07-09 18:28:00,"18:28",18.0046666666667,21.8913510931063,17,77.7440035998632,"High_Tide",17,2,"1720549680-17010780"
2024-07-09 18:30:00,"18:30",18.005,21.8731726527496,17,77.1345131623847,"High_Tide",17,2,"1720549800-17010770"
2024-07-09 18:32:00,"18:32",18.0053333333333,21.8548896399788,17,76.5216128121893,"High_Tide",17,2,"1720549920-17010770"
2024-07-09 18:34:00,"18:34",18.0056666666667,21.8365034471164,17,75.9053296439793,"High_Tide",17,2,"1720550040-17010760"
2024-07-09 18:36:00,"18:36",18.006,21.8180154743419,17,75.2856909020031,"High_Tide",17,2,"1720550160-17010750"
2024-07-09 18:38:00,"18:38",18.0063333333333,21.7994271295862,17,74.6627239788497,"High_Tide",17,2,"1720550280-17010750"
2024-07-09 18:40:00,"18:40",18.0066666666667,21.7807398284236,17,74.0364564142383,"High_Tide",17,2,"1720550400-17010740"
2024-07-09 18:42:00,"18:42",18.007,21.7619549939645,17,73.4069158938007,"High_Tide",17,2,"1720550520-17010730"
2024-07-09 18:44:00,"18:44",18.0073333333333,21.7430740567468,17,72.7741302478576,"High_Tide",17,2,"1720550640-17010730"
2024-07-09 18:46:00,"18:46",18.0076666666667,21.7240984546269,17,72.1381274501878,"High_Tide",17,2,"1720550760-17010720"
2024-07-09 18:48:00,"18:48",18.008,21.7050296326703,17,71.498935616792,"High_Tide",17,2,"1720550880-17010710"
2024-07-09 18:50:00,"18:50",18.0083333333333,21.6858690430418,17,70.85658300465,"High_Tide",17,2,"1720551000-17010710"
2024-07-09 18:52:00,"18:52",18.0086666666667,21.6666181448944,17,70.2110980104707,"High_Tide",17,2,"1720551120-17010700"
2024-07-09 18:54:00,"18:54",18.009,21.6472784042585,17,69.5625091694379,"High_Tide",17,2,"1720551240-17010700"
2024-07-09 18:56:00,"18:56",18.0093333333333,21.6278512939302,17,68.9108451539478,"High_Tide",17,2,"1720551360-17010690"
2024-07-09 18:58:00,"18:58",18.0096666666667,21.6083382933592,17,68.2561347723423,"High_Tide",17,2,"1720551480-17010680"
2024-07-09 19:00:00,"19:00",19,21.5887408885362,17,67.5984069676346,"High_Tide",17,2,"1720551600-17010680"
2024-07-09 19:02:00,"19:02",19.0003333333333,21.5690605718792,17,66.9376908162309,"High_Tide",17,2,"1720551720-17010670"
2024-07-09 19:04:00,"19:04",19.0006666666667,21.5492988421206,17,66.2740155266436,"High_Tide",17,2,"1720551840-17010660"
2024-07-09 19:06:00,"19:06",19.001,21.5294572041927,17,65.6074104382012,"High_Tide",17,2,"1720551960-17010660"
2024-07-09 19:08:00,"19:08",19.0013333333333,21.5095371691129,17,64.9379050197507,"High_Tide",17,2,"1720552080-17010650"
2024-07-09 19:10:00,"19:10",19.0016666666667,21.4895402538692,17,64.265528868355,"High_Tide",17,2,"1720552200-17010640"
2024-07-09 19:12:00,"19:12",19.002,21.469467981304,17,63.5903117079846,"High_Tide",17,2,"1720552320-17010640"
2024-07-09 19:14:00,"19:14",19.0023333333333,21.4493218799985,17,62.9122833882034,"High_Tide",17,2,"1720552440-17010630"
2024-07-09 19:16:00,"19:16",19.0026666666667,21.4291034841564,17,62.2314738828492,"High_Tide",17,2,"1720552560-17010620"
2024-07-09 19:18:00,"19:18",19.003,21.4088143334869,17,61.5479132887087,"High_Tide",17,2,"1720552680-17010620"
2024-07-09 19:20:00,"19:20",19.0033333333333,21.3884559730872,17,60.8616318241871,"High_Tide",17,2,"1720552800-17010610"
2024-07-09 19:22:00,"19:22",19.0036666666667,21.3680299533254,17,60.1726598279718,"High_Tide",17,2,"1720552920-17010600"
2024-07-09 19:24:00,"19:24",19.004,21.3475378297219,17,59.4810277576917,"High_Tide",17,2,"1720553040-17010590"
2024-07-09 19:26:00,"19:26",19.0043333333333,21.3269811628313,17,58.7867661885704,"High_Tide",17,2,"1720553160-17010590"
2024-07-09 19:28:00,"19:28",19.0046666666667,21.3063615181234,17,58.0899058120749,"High_Tide",17,2,"1720553280-17010580"
2024-07-09 19:30:00,"19:30",19.005,21.2856804658639,17,57.3904774345582,"High_Tide",17,2,"1720553400-17010570"
2024-07-09 19:32:00,"19:32",19.0053333333333,21.264939580995,17,56.6885119758982,"High_Tide",17,2,"1720553520-17010570"
2024-07-09 19:34:00,"19:34",19.0056666666667,21.2441404430155,17,55.9840404681304,"High_Tide",17,2,"1720553640-17010560"
2024-07-09 19:36:00,"19:36",19.006,21.2232846358602,17,55.2770940540758,"High_Tide",17,2,"1720553760-17010550"
2024-07-09 19:38:00,"19:38",19.0063333333333,21.2023737477795,17,54.567703985965,"High_Tide",17,2,"1720553880-17010550"
2024-07-09 19:40:00,"19:40",19.0066666666667,21.1814093712187,17,53.8559016240554,"High_Tide",17,2,"1720554000-17010540"
2024-07-09 19:42:00,"19:42",19.007,21.160393102696,17,53.1417184352462,"High_Tide",17,2,"1720554120-17010530"
2024-07-09 19:44:00,"19:44",19.0073333333333,21.1393265426817,17,52.4251859916861,"High_Tide",17,2,"1720554240-17010520"
2024-07-09 19:46:00,"19:46",19.0076666666667,21.1182112954759,17,51.7063359693785,"High_Tide",17,2,"1720554360-17010520"
2024-07-09 19:48:00,"19:48",19.008,21.0970489690865,17,50.9852001467806,"High_Tide",17,2,"1720554480-17010510"
2024-07-09 19:50:00,"19:50",19.0083333333333,21.0758411751065,17,50.261810403399,"High_Tide",17,2,"1720554600-17010500"
2024-07-09 19:52:00,"19:52",19.0086666666667,21.0545895285916,17,49.5361987183799,"High_Tide",17,2,"1720554720-17010500"
2024-07-09 19:54:00,"19:54",19.009,21.0332956479369,17,48.8083971690961,"High_Tide",17,2,"1720554840-17010490"
2024-07-09 19:56:00,"19:56",19.0093333333333,21.0119611547539,17,48.0784379297278,"High_Tide",17,2,"1720554960-17010480"
2024-07-09 19:58:00,"19:58",19.0096666666667,20.9905876737468,17,47.3463532698418,"High_Tide",17,2,"1720555080-17010470"
2024-07-09 20:00:00,"20:00",20,20.9691768325889,17,46.6121755529634,"High_Tide",17,2,"1720555200-17010470"
2024-07-09 20:02:00,"20:02",20.0003333333333,20.9477302617988,17,45.8759372351469,"High_Tide",17,2,"1720555320-17010460"
2024-07-09 20:04:00,"20:04",20.0006666666667,20.9262495946157,17,45.13767086354,"High_Tide",17,2,"1720555440-17010450"
2024-07-09 20:06:00,"20:06",20.001,20.9047364668758,17,44.3974090749454,"High_Tide",17,2,"1720555560-17010440"
2024-07-09 20:08:00,"20:08",20.0013333333333,20.8831925168869,17,43.6551845943782,"High_Tide",17,2,"1720555680-17010440"
2024-07-09 20:10:00,"20:10",20.0016666666667,20.8616193853042,17,42.9110302336183,"High_Tide",17,2,"1720555800-17010430"
2024-07-09 20:12:00,"20:12",20.002,20.8400187150053,17,42.1649788897611,"High_Tide",17,2,"1720555920-17010420"
2024-07-09 20:14:00,"20:14",20.0023333333333,20.8183921509648,17,41.4170635437622,"High_Tide",17,2,"1720556040-17010410"
2024-07-09 20:16:00,"20:16",20.0026666666667,20.7967413401293,17,40.6673172589801,"High_Tide",17,2,"1720556160-17010410"
2024-07-09 20:18:00,"20:18",20.003,20.7750679312918,17,39.9157731797138,"High_Tide",17,2,"1720556280-17010400"
2024-07-09 20:20:00,"20:20",20.0033333333333,20.7533735749665,17,39.1624645297387,"High_Tide",17,2,"1720556400-17010390"
2024-07-09 20:22:00,"20:22",20.0036666666667,20.7316599232624,17,38.4074246108366,"High_Tide",17,2,"1720556520-17010380"
2024-07-09 20:24:00,"20:24",20.004,20.7099286297582,17,37.6506868013245,"High_Tide",17,2,"1720556640-17010380"
2024-07-09 20:26:00,"20:26",20.0043333333333,20.6881813493762,17,36.8922845545783,"High_Tide",17,2,"1720556760-17010370"
2024-07-09 20:28:00,"20:28",20.0046666666667,20.6664197382558,17,36.1322513975548,"High_Tide",17,2,"1720556880-17010360"
2024-07-09 20:30:00,"20:30",20.005,20.644645453628,17,35.3706209293085,"High_Tide",17,2,"1720557000-17010350"
2024-07-09 20:32:00,"20:32",20.0053333333333,20.6228601536889,17,34.6074268195071,"High_Tide",17,2,"1720557120-17010350"
2024-07-09 20:34:00,"20:34",20.0056666666667,20.6010654974734,17,33.8427028069425,"High_Tide",17,2,"1720557240-17010340"
2024-07-09 20:36:00,"20:36",20.006,20.579263144729,17,33.0764826980399,"High_Tide",17,2,"1720557360-17010330"
2024-07-09 20:38:00,"20:38",20.0063333333333,20.5574547557892,17,32.3088003653627,"High_Tide",17,2,"1720557480-17010320"
2024-07-09 20:40:00,"20:40",20.0066666666667,20.5356419914474,17,31.5396897461154,"High_Tide",17,2,"1720557600-17010320"
2024-07-09 20:42:00,"20:42",20.007,20.5138265128299,17,30.7691848406434,"High_Tide",17,2,"1720557720-17010310"
2024-07-09 20:44:00,"20:44",20.0073333333333,20.4920099812699,17,29.9973197109295,"High_Tide",17,2,"1720557840-17010300"
2024-07-09 20:46:00,"20:46",20.0076666666667,20.4701940581808,17,29.2241284790889,"High_Tide",17,2,"1720557960-17010290"
2024-07-09 20:48:00,"20:48",20.008,20.4483804049295,17,28.4496453258597,"High_Tide",17,2,"1720558080-17010280"
2024-07-09 20:50:00,"20:50",20.0083333333333,20.4265706827103,17,27.6739044890928,"High_Tide",17,2,"1720558200-17010280"
2024-07-09 20:52:00,"20:52",20.0086666666667,20.4047665524179,17,26.8969402622379,"High_Tide",17,2,"1720558320-17010270"
2024-07-09 20:54:00,"20:54",20.009,20.3829696745212,17,26.1187869928275,"High_Tide",17,2,"1720558440-17010260"
2024-07-09 20:56:00,"20:56",20.0093333333333,20.3611817089369,17,25.3394790809584,"High_Tide",17,2,"1720558560-17010250"
2024-07-09 20:58:00,"20:58",20.0096666666667,20.3394043149029,17,24.5590509777714,"High_Tide",17,2,"1720558680-17010250"
2024-07-09 21:00:00,"21:00",21,20.3176391508521,17,23.7775371839277,"High_Tide",17,2,"1720558800-17010240"
2024-07-09 21:02:00,"21:02",21.0003333333333,20.295887874286,17,22.9949722480842,"High_Tide",17,2,"1720558920-17010230"
2024-07-09 21:04:00,"21:04",21.0006666666667,20.2741521416486,17,22.2113907653657,"High_Tide",17,2,"1720559040-17010220"
2024-07-09 21:06:00,"21:06",21.001,20.2524336082,17,21.4268273758364,"High_Tide",17,2,"1720559160-17010210"
2024-07-09 21:08:00,"21:08",21.0013333333333,20.2307339278905,17,20.6413167629675,"High_Tide",17,2,"1720559280-17010210"
2024-07-09 21:10:00,"21:10",21.0016666666667,20.209054753235,17,19.8548936521045,"High_Tide",17,2,"1720559400-17010200"
2024-07-09 21:12:00,"21:12",21.002,20.1873977351865,17,19.0675928089324,"High_Tide",17,2,"1720559520-17010190"
2024-07-09 21:14:00,"21:14",21.0023333333333,20.1657645230107,17,18.2794490379379,"High_Tide",17,2,"1720559640-17010180"
2024-07-09 21:16:00,"21:16",21.0026666666667,20.1441567641606,17,17.4904971808718,"High_Tide",17,2,"1720559760-17010170"
2024-07-09 21:18:00,"21:18",21.003,20.1225761041505,17,16.7007721152078,"High_Tide",17,2,"1720559880-17010170"
2024-07-09 21:20:00,"21:20",21.0033333333333,20.1010241864314,17,15.9103087526015,"High_Tide",17,2,"1720560000-17010160"
2024-07-09 21:22:00,"21:22",21.0036666666667,20.0795026522652,17,15.1191420373463,"High_Tide",17,2,"1720560120-17010150"
2024-07-09 21:24:00,"21:24",21.004,20.0580131406,17,14.3273069448294,"High_Tide",17,2,"1720560240-17010140"
2024-07-09 21:26:00,"21:26",21.0043333333333,20.0365572879454,17,13.5348384799845,"High_Tide",17,2,"1720560360-17010140"
2024-07-09 21:28:00,"21:28",21.0046666666667,20.0151367282476,17,12.7417716757458,"High_Tide",17,2,"1720560480-17010130"
2024-07-09 21:30:00,"21:30",21.005,19.9937530927652,17,11.948141591498,"High_Tide",17,2,"1720560600-17010120"
2024-07-09 21:32:00,"21:32",21.0053333333333,19.9724080099448,17,11.1539833115271,"High_Tide",17,2,"1720560720-17010110"
2024-07-09 21:34:00,"21:34",21.0056666666667,19.9511031052971,17,10.3593319434691,"High_Tide",17,2,"1720560840-17010100"
2024-07-09 21:36:00,"21:36",21.006,19.929840001273,17,9.56422261675826,"High_Tide",17,2,"1720560960-17010100"
2024-07-09 21:38:00,"21:38",21.0063333333333,19.9086203171403,17,8.76869048107403,"High_Tide",17,2,"1720561080-17010090"
2024-07-09 21:40:00,"21:40",21.0066666666667,19.8874456688601,17,7.97277070478684,"High_Tide",17,2,"1720561200-17010080"
2024-07-09 21:42:00,"21:42",21.007,19.8663176689638,17,7.17649847340413,"High_Tide",17,2,"1720561320-17010070"
2024-07-09 21:44:00,"21:44",21.0073333333333,19.8452379264304,17,6.37990898801388,"High_Tide",17,2,"1720561440-17010060"
2024-07-09 21:46:00,"21:46",21.0076666666667,19.824208046564,17,5.5830374637296,"High_Tide",17,2,"1720561560-17010060"
2024-07-09 21:48:00,"21:48",21.008,19.8032296308712,17,4.78591912813258,"High_Tide",17,2,"1720561680-17010050"
2024-07-09 21:50:00,"21:50",21.0083333333333,19.7823042769397,17,3.98858921971524,"High_Tide",17,2,"1720561800-17010040"
2024-07-09 21:52:00,"21:52",21.0086666666667,19.7614335783161,17,3.19108298632281,"High_Tide",17,2,"1720561920-17010030"
2024-07-09 21:54:00,"21:54",21.009,19.7406191243851,17,2.39343568359577,"High_Tide",17,2,"1720562040-17010020"
2024-07-09 21:56:00,"21:56",21.0093333333333,19.7198625002478,17,1.5956825734105,"High_Tide",17,2,"1720562160-17010020"
2024-07-09 21:58:00,"21:58",21.0096666666667,19.6991652866015,17,0.79785892232113,"High_Tide",17,2,"1720562280-17010010"
2024-07-09 22:00:00,"22:00",22,19.6785290596192,17,1.46952762458685e-14,"High_Tide",17,2,"1720562400-17010000"
2024-07-09 22:02:00,"22:02",22.0003333333333,19.6579553908295,17,0,"High_Tide",17,2,"1720562520-17010000"
2024-07-09 22:04:00,"22:04",22.0006666666667,19.6374458469969,17,0,"High_Tide",17,2,"1720562640-17010000"
2024-07-09 22:06:00,"22:06",22.001,19.6170019900025,17,0,"High_Tide",17,2,"1720562760-17010000"
2024-07-09 22:08:00,"22:08",22.0013333333333,19.5966253767253,17,0,"High_Tide",17,2,"1720562880-17010000"
2024-07-09 22:10:00,"22:10",22.0016666666667,19.5763175589231,17,0,"High_Tide",17,2,"1720563000-17010000"
2024-07-09 22:12:00,"22:12",22.002,19.5560800831151,17,0,"High_Tide",17,2,"1720563120-17010000"
2024-07-09 22:14:00,"22:14",22.0023333333333,19.5359144904632,17,0,"High_Tide",17,2,"1720563240-17010000"
2024-07-09 22:16:00,"22:16",22.0026666666667,19.5158223166556,17,0,"High_Tide",17,2,"1720563360-17010000"
2024-07-09 22:18:00,"22:18",22.003,19.4958050917889,17,0,"High_Tide",17,2,"1720563480-17010000"
2024-07-09 22:20:00,"22:20",22.0033333333333,19.4758643402523,17,0,"High_Tide",17,2,"1720563600-17010000"
2024-07-09 22:22:00,"22:22",22.0036666666667,19.4560015806114,17,0,"High_Tide",17,2,"1720563720-17010000"
2024-07-09 22:24:00,"22:24",22.004,19.4362183254921,17,0,"High_Tide",17,2,"1720563840-17010000"
2024-07-09 22:26:00,"22:26",22.0043333333333,19.4165160814659,17,0,"High_Tide",17,2,"1720563960-17010000"
2024-07-09 22:28:00,"22:28",22.0046666666667,19.396896348935,17,0,"High_Tide",17,2,"1720564080-17010000"
2024-07-09 22:30:00,"22:30",22.005,19.3773606220179,17,0,"High_Tide",17,2,"1720564200-17010000"
2024-07-09 22:32:00,"22:32",22.0053333333333,19.357910388436,17,0,"High_Tide",17,2,"1720564320-17010000"
2024-07-09 22:34:00,"22:34",22.0056666666667,19.3385471293997,17,0,"High_Tide",17,2,"1720564440-17010000"
2024-07-09 22:36:00,"22:36",22.006,19.3192723194963,17,0,"High_Tide",17,2,"1720564560-17010000"
2024-07-09 22:38:00,"22:38",22.0063333333333,19.3000874265772,17,0,"High_Tide",17,2,"1720564680-17010000"
2024-07-09 22:40:00,"22:40",22.0066666666667,19.2809939116461,17,0,"High_Tide",17,2,"1720564800-17010000"
2024-07-09 22:42:00,"22:42",22.007,19.2619932287483,17,0,"High_Tide",17,2,"1720564920-17010000"
2024-07-09 22:44:00,"22:44",22.0073333333333,19.2430868248592,17,0,"High_Tide",17,2,"1720565040-17010000"
2024-07-09 22:46:00,"22:46",22.0076666666667,19.2242761397748,17,0,"High_Tide",17,2,"1720565160-17010000"
2024-07-09 22:48:00,"22:48",22.008,19.2055626060015,17,0,"High_Tide",17,2,"1720565280-17010000"
2024-07-09 22:50:00,"22:50",22.0083333333333,19.1869476486473,17,0,"High_Tide",17,2,"1720565400-17010000"
2024-07-09 22:52:00,"22:52",22.0086666666667,19.1684326853134,17,0,"High_Tide",17,2,"1720565520-17010000"
2024-07-09 22:54:00,"22:54",22.009,19.1500191259859,17,0,"High_Tide",17,2,"1720565640-17010000"
2024-07-09 22:56:00,"22:56",22.0093333333333,19.1317083729286,17,0,"High_Tide",17,2,"1720565760-17010000"
2024-07-09 22:58:00,"22:58",22.0096666666667,19.1135018205763,17,0,"High_Tide",17,2,"1720565880-17010000"
2024-07-09 23:00:00,"23:00",23,19.0954008554283,17,0,"High_Tide",17,2,"1720566000-17010000"
2024-07-09 23:02:00,"23:02",23.0003333333333,19.0774068559434,17,0,"High_Tide",17,2,"1720566120-17010000"
2024-07-09 23:04:00,"23:04",23.0006666666667,19.0595211924342,17,0,"High_Tide",17,2,"1720566240-17010000"
2024-07-09 23:06:00,"23:06",23.001,19.0417452269632,17,0,"High_Tide",17,2,"1720566360-17010000"
2024-07-09 23:08:00,"23:08",23.0013333333333,19.024080313239,17,0,"High_Tide",17,2,"1720566480-17010000"
2024-07-09 23:10:00,"23:10",23.0016666666667,19.0065277965132,17,0,"High_Tide",17,2,"1720566600-17010000"
2024-07-09 23:12:00,"23:12",23.002,18.989089013478,17,0,"High_Tide",17,2,"1720566720-17010000"
2024-07-09 23:14:00,"23:14",23.0023333333333,18.9717652921641,17,0,"High_Tide",17,2,"1720566840-17010000"
2024-07-09 23:16:00,"23:16",23.0026666666667,18.95455795184,17,0,"High_Tide",17,2,"1720566960-17010000"
2024-07-09 23:18:00,"23:18",23.003,18.9374683029113,17,0,"High_Tide",17,2,"1720567080-17010000"
2024-07-09 23:20:00,"23:20",23.0033333333333,18.9204976468209,17,0,"High_Tide",17,2,"1720567200-17010000"
2024-07-09 23:22:00,"23:22",23.0036666666667,18.90364727595,17,0,"High_Tide",17,2,"1720567320-17010000"
2024-07-09 23:24:00,"23:24",23.004,18.8869184735195,17,0,"High_Tide",17,2,"1720567440-17010000"
2024-07-09 23:26:00,"23:26",23.0043333333333,18.8703125134926,17,0,"High_Tide",17,2,"1720567560-17010000"
2024-07-09 23:28:00,"23:28",23.0046666666667,18.8538306604774,17,0,"High_Tide",17,2,"1720567680-17010000"
2024-07-09 23:30:00,"23:30",23.005,18.8374741696308,17,0,"High_Tide",17,2,"1720567800-17010000"
2024-07-09 23:32:00,"23:32",23.0053333333333,18.8212442865629,17,0,"High_Tide",17,2,"1720567920-17010000"
2024-07-09 23:34:00,"23:34",23.0056666666667,18.8051422472422,17,0,"High_Tide",17,2,"1720568040-17010000"
2024-07-09 23:36:00,"23:36",23.006,18.7891692779012,17,0,"High_Tide",17,2,"1720568160-17010000"
2024-07-09 23:38:00,"23:38",23.0063333333333,18.7733265949435,17,0,"High_Tide",17,2,"1720568280-17010000"
2024-07-09 23:40:00,"23:40",23.0066666666667,18.7576154048507,17,0,"High_Tide",17,2,"1720568400-17010000"
2024-07-09 23:42:00,"23:42",23.007,18.7420369040907,17,0,"High_Tide",17,2,"1720568520-17010000"
2024-07-09 23:44:00,"23:44",23.0073333333333,18.7265922790267,17,0,"High_Tide",17,2,"1720568640-17010000"
2024-07-09 23:46:00,"23:46",23.0076666666667,18.7112827058266,17,0,"High_Tide",17,2,"1720568760-17010000"
2024-07-09 23:48:00,"23:48",23.008,18.6961093503739,17,0,"High_Tide",17,2,"1720568880-17010000"
2024-07-09 23:50:00,"23:50",23.0083333333333,18.6810733681781,17,0,"High_Tide",17,2,"1720569000-17010000"
2024-07-09 23:52:00,"23:52",23.0086666666667,18.6661759042876,17,0,"High_Tide",17,2,"1720569120-17010000"
2024-07-09 23:54:00,"23:54",23.009,18.6514180932019,17,0,"High_Tide",17,2,"1720569240-17010000"
2024-07-09 23:56:00,"23:56",23.0093333333333,18.6368010587855,17,0,"High_Tide",17,2,"1720569360-17010000"
2024-07-09 23:58:00,"23:58",23.0096666666667,18.6223259141822,17,0,"High_Tide",17,2,"1720569480-17010000"
2024-07-10,"00:00",0,18.6079937617302,17,0,"High_Tide",17,2,"1720569600-17010000"
2024-07-10 00:02:00,"00:02",0.000333333333333333,18.5938056928784,17,0,"Low_Tide",18.5938056928784,3,"1720569720-18600000"
2024-07-10 00:04:00,"00:04",0.000666666666666667,18.5797627881033,17,0,"Low_Tide",18.5797627881033,3,"1720569840-18600000"
2024-07-10 00:06:00,"00:06",0.001,18.5658661168263,17,0,"Low_Tide",18.5658661168263,3,"1720569960-18600000"
2024-07-10 00:08:00,"00:08",0.00133333333333333,18.5521167373329,17,0,"Low_Tide",18.5521167373329,3,"1720570080-18600000"
2024-07-10 00:10:00,"00:10",0.00166666666666667,18.5385156966914,17,0,"Low_Tide",18.5385156966914,3,"1720570200-18500000"
2024-07-10 00:12:00,"00:12",0.002,18.5250640306739,17,0,"Low_Tide",18.5250640306739,3,"1720570320-18500000"
2024-07-10 00:14:00,"00:14",0.00233333333333333,18.5117627636766,17,0,"Low_Tide",18.5117627636766,3,"1720570440-18500000"
2024-07-10 00:16:00,"00:16",0.00266666666666667,18.4986129086427,17,0,"Low_Tide",18.4986129086427,3,"1720570560-18500000"
2024-07-10 00:18:00,"00:18",0.003,18.4856154669845,17,0,"Low_Tide",18.4856154669845,3,"1720570680-18500000"
2024-07-10 00:20:00,"00:20",0.00333333333333333,18.4727714285075,17,0,"Low_Tide",18.4727714285075,3,"1720570800-18500000"
2024-07-10 00:22:00,"00:22",0.00366666666666667,18.4600817713349,17,0,"Low_Tide",18.4600817713349,3,"1720570920-18500000"
2024-07-10 00:24:00,"00:24",0.004,18.4475474618334,17,0,"Low_Tide",18.4475474618334,3,"1720571040-18400000"
2024-07-10 00:26:00,"00:26",0.00433333333333333,18.4351694545389,17,0,"Low_Tide",18.4351694545389,3,"1720571160-18400000"
2024-07-10 00:28:00,"00:28",0.00466666666666667,18.4229486920849,17,0,"Low_Tide",18.4229486920849,3,"1720571280-18400000"
2024-07-10 00:30:00,"00:30",0.005,18.4108861051296,17,0,"Low_Tide",18.4108861051296,3,"1720571400-18400000"
2024-07-10 00:32:00,"00:32",0.00533333333333333,18.3989826122857,17,0,"Low_Tide",18.3989826122857,3,"1720571520-18400000"
2024-07-10 00:34:00,"00:34",0.00566666666666667,18.3872391200502,17,0,"Low_Tide",18.3872391200502,3,"1720571640-18400000"
2024-07-10 00:36:00,"00:36",0.006,18.3756565227357,17,0,"Low_Tide",18.3756565227357,3,"1720571760-18400000"
2024-07-10 00:38:00,"00:38",0.00633333333333333,18.3642357024017,17,0,"Low_Tide",18.3642357024017,3,"1720571880-18400000"
2024-07-10 00:40:00,"00:40",0.00666666666666667,18.352977528788,17,0,"Low_Tide",18.352977528788,3,"1720572000-18400000"
2024-07-10 00:42:00,"00:42",0.007,18.3418828592479,17,0,"Low_Tide",18.3418828592479,3,"1720572120-18300000"
2024-07-10 00:44:00,"00:44",0.00733333333333333,18.3309525386836,17,0,"Low_Tide",18.3309525386836,3,"1720572240-18300000"
2024-07-10 00:46:00,"00:46",0.00766666666666667,18.3201873994813,17,0,"Low_Tide",18.3201873994813,3,"1720572360-18300000"
2024-07-10 00:48:00,"00:48",0.008,18.309588261448,17,0,"Low_Tide",18.309588261448,3,"1720572480-18300000"
2024-07-10 00:50:00,"00:50",0.00833333333333333,18.2991559317491,17,0,"Low_Tide",18.2991559317491,3,"1720572600-18300000"
2024-07-10 00:52:00,"00:52",0.00866666666666667,18.2888912048469,17,0,"Low_Tide",18.2888912048469,3,"1720572720-18300000"
2024-07-10 00:54:00,"00:54",0.009,18.2787948624402,17,0,"Low_Tide",18.2787948624402,3,"1720572840-18300000"
2024-07-10 00:56:00,"00:56",0.00933333333333333,18.2688676734044,17,0,"Low_Tide",18.2688676734044,3,"1720572960-18300000"
2024-07-10 00:58:00,"00:58",0.00966666666666667,18.2591103937334,17,0,"Low_Tide",18.2591103937334,3,"1720573080-18300000"
2024-07-10 01:00:00,"01:00",1,18.249523766482,17,0,"Low_Tide",18.249523766482,3,"1720573200-18200000"
2024-07-10 01:02:00,"01:02",1.00033333333333,18.2401085217088,17,0,"Low_Tide",18.2401085217088,3,"1720573320-18200000"
2024-07-10 01:04:00,"01:04",1.00066666666667,18.2308653764211,17,0,"Low_Tide",18.2308653764211,3,"1720573440-18200000"
2024-07-10 01:06:00,"01:06",1.001,18.2217950345204,17,0,"Low_Tide",18.2217950345204,3,"1720573560-18200000"
2024-07-10 01:08:00,"01:08",1.00133333333333,18.2128981867482,17,0,"Low_Tide",18.2128981867482,3,"1720573680-18200000"
2024-07-10 01:10:00,"01:10",1.00166666666667,18.204175510634,17,0,"Low_Tide",18.204175510634,3,"1720573800-18200000"
2024-07-10 01:12:00,"01:12",1.002,18.1956276704433,17,0,"Low_Tide",18.1956276704433,3,"1720573920-18200000"
2024-07-10 01:14:00,"01:14",1.00233333333333,18.1872553171273,17,0,"Low_Tide",18.1872553171273,3,"1720574040-18200000"
2024-07-10 01:16:00,"01:16",1.00266666666667,18.179059088273,17,0,"Low_Tide",18.179059088273,3,"1720574160-18200000"
2024-07-10 01:18:00,"01:18",1.003,18.171039608055,17,0,"Low_Tide",18.171039608055,3,"1720574280-18200000"
2024-07-10 01:20:00,"01:20",1.00333333333333,18.1631974871877,17,0,"Low_Tide",18.1631974871877,3,"1720574400-18200000"
2024-07-10 01:22:00,"01:22",1.00366666666667,18.1555333228792,17,0,"Low_Tide",18.1555333228792,3,"1720574520-18200000"
2024-07-10 01:24:00,"01:24",1.004,18.148047698785,17,0,"Low_Tide",18.148047698785,3,"1720574640-18100000"
2024-07-10 01:26:00,"01:26",1.00433333333333,18.1407411849646,17,0,"Low_Tide",18.1407411849646,3,"1720574760-18100000"
2024-07-10 01:28:00,"01:28",1.00466666666667,18.1336143378372,17,0,"Low_Tide",18.1336143378372,3,"1720574880-18100000"
2024-07-10 01:30:00,"01:30",1.005,18.1266677001398,17,0,"Low_Tide",18.1266677001398,3,"1720575000-18100000"
2024-07-10 01:32:00,"01:32",1.00533333333333,18.1199018008857,17,0,"Low_Tide",18.1199018008857,3,"1720575120-18100000"
2024-07-10 01:34:00,"01:34",1.00566666666667,18.1133171553244,17,0,"Low_Tide",18.1133171553244,3,"1720575240-18100000"
2024-07-10 01:36:00,"01:36",1.006,18.1069142649022,17,0,"Low_Tide",18.1069142649022,3,"1720575360-18100000"
2024-07-10 01:38:00,"01:38",1.00633333333333,18.1006936172239,17,0,"Low_Tide",18.1006936172239,3,"1720575480-18100000"
2024-07-10 01:40:00,"01:40",1.00666666666667,18.094655686016,17,0,"Low_Tide",18.094655686016,3,"1720575600-18100000"
2024-07-10 01:42:00,"01:42",1.007,18.0888009310902,17,0,"Low_Tide",18.0888009310902,3,"1720575720-18100000"
2024-07-10 01:44:00,"01:44",1.00733333333333,18.0831297983088,17,0,"Low_Tide",18.0831297983088,3,"1720575840-18100000"
2024-07-10 01:46:00,"01:46",1.00766666666667,18.0776427195506,17,0,"Low_Tide",18.0776427195506,3,"1720575960-18100000"
2024-07-10 01:48:00,"01:48",1.008,18.0723401126779,17,0,"Low_Tide",18.0723401126779,3,"1720576080-18100000"
2024-07-10 01:50:00,"01:50",1.00833333333333,18.0672223815046,17,0,"Low_Tide",18.0672223815046,3,"1720576200-18100000"
2024-07-10 01:52:00,"01:52",1.00866666666667,18.0622899157659,17,0,"Low_Tide",18.0622899157659,3,"1720576320-18100000"
2024-07-10 01:54:00,"01:54",1.009,18.0575430910881,17,0,"Low_Tide",18.0575430910881,3,"1720576440-18100000"
2024-07-10 01:56:00,"01:56",1.00933333333333,18.0529822689602,17,0,"Low_Tide",18.0529822689602,3,"1720576560-18100000"
2024-07-10 01:58:00,"01:58",1.00966666666667,18.0486077967066,17,0,"Low_Tide",18.0486077967066,3,"1720576680-18000000"
2024-07-10 02:00:00,"02:00",2,18.0444200074602,17,0,"Low_Tide",18.0444200074602,3,"1720576800-18000000"
2024-07-10 02:02:00,"02:02",2.00033333333333,18.0404192201374,17,0,"Low_Tide",18.0404192201374,3,"1720576920-18000000"
2024-07-10 02:04:00,"02:04",2.00066666666667,18.0366057394136,17,0,"Low_Tide",18.0366057394136,3,"1720577040-18000000"
2024-07-10 02:06:00,"02:06",2.001,18.0329798557002,17,0,"Low_Tide",18.0329798557002,3,"1720577160-18000000"
2024-07-10 02:08:00,"02:08",2.00133333333333,18.0295418451223,17,0,"Low_Tide",18.0295418451223,3,"1720577280-18000000"
2024-07-10 02:10:00,"02:10",2.00166666666667,18.0262919694976,17,0,"Low_Tide",18.0262919694976,3,"1720577400-18000000"
2024-07-10 02:12:00,"02:12",2.002,18.0232304763168,17,0,"Low_Tide",18.0232304763168,3,"1720577520-18000000"
2024-07-10 02:14:00,"02:14",2.00233333333333,18.0203575987244,17,0,"Low_Tide",18.0203575987244,3,"1720577640-18000000"
2024-07-10 02:16:00,"02:16",2.00266666666667,18.0176735555012,17,0,"Low_Tide",18.0176735555012,3,"1720577760-18000000"
2024-07-10 02:18:00,"02:18",2.003,18.0151785510474,17,0,"Low_Tide",18.0151785510474,3,"1720577880-18000000"
2024-07-10 02:20:00,"02:20",2.00333333333333,18.0128727753674,17,0,"Low_Tide",18.0128727753674,3,"1720578000-18000000"
2024-07-10 02:22:00,"02:22",2.00366666666667,18.0107564040548,17,0,"Low_Tide",18.0107564040548,3,"1720578120-18000000"
2024-07-10 02:24:00,"02:24",2.004,18.0088295982796,17,0,"Low_Tide",18.0088295982796,3,"1720578240-18000000"
2024-07-10 02:26:00,"02:26",2.00433333333333,18.0070925047754,17,0,"Low_Tide",18.0070925047754,3,"1720578360-18000000"
2024-07-10 02:28:00,"02:28",2.00466666666667,18.0055452558287,17,0,"Low_Tide",18.0055452558287,3,"1720578480-18000000"
2024-07-10 02:30:00,"02:30",2.005,18.0041879692684,17,0,"Low_Tide",18.0041879692684,3,"1720578600-18000000"
2024-07-10 02:32:00,"02:32",2.00533333333333,18.0030207484571,17,0,"Low_Tide",18.0030207484571,3,"1720578720-18000000"
2024-07-10 02:34:00,"02:34",2.00566666666667,18.0020436822834,17,0,"Low_Tide",18.0020436822834,3,"1720578840-18000000"
2024-07-10 02:36:00,"02:36",2.006,18.0012568451544,17,0,"Low_Tide",18.0012568451544,3,"1720578960-18000000"
2024-07-10 02:38:00,"02:38",2.00633333333333,18.000660296991,17,0,"Low_Tide",18.000660296991,3,"1720579080-18000000"
2024-07-10 02:40:00,"02:40",2.00666666666667,18.0002540832225,17,0,"Low_Tide",18.0002540832225,3,"1720579200-18000000"
2024-07-10 02:42:00,"02:42",2.007,18.0000382347838,17,0,"Low_Tide",18.0000382347838,3,"1720579320-18000000"
2024-07-10 02:44:00,"02:44",2.00733333333333,18.0000127681125,17,0,"Low_Tide",18.0000127681125,3,"1720579440-18000000"
2024-07-10 02:46:00,"02:46",2.00766666666667,18.0001776851479,17,0,"Low_Tide",18.0001776851479,3,"1720579560-18000000"
2024-07-10 02:48:00,"02:48",2.008,18.0005329733312,17,0,"Low_Tide",18.0005329733312,3,"1720579680-18000000"
2024-07-10 02:50:00,"02:50",2.00833333333333,18.0010786056055,17,0,"Low_Tide",18.0010786056055,3,"1720579800-18000000"
2024-07-10 02:52:00,"02:52",2.00866666666667,18.0018145404191,17,0,"Low_Tide",18.0018145404191,3,"1720579920-18000000"
2024-07-10 02:54:00,"02:54",2.009,18.0027407217275,17,0,"Low_Tide",18.0027407217275,3,"1720580040-18000000"
2024-07-10 02:56:00,"02:56",2.00933333333333,18.0038570789984,17,0,"Low_Tide",18.0038570789984,3,"1720580160-18000000"
2024-07-10 02:58:00,"02:58",2.00966666666667,18.005163527217,17,0,"Low_Tide",18.005163527217,3,"1720580280-18000000"
2024-07-10 03:00:00,"03:00",3,18.0066599668922,17,0,"Low_Tide",18.0066599668922,3,"1720580400-18000000"
2024-07-10 03:02:00,"03:02",3.00033333333333,18.0083462840642,17,0,"Low_Tide",18.0083462840642,3,"1720580520-18000000"
2024-07-10 03:04:00,"03:04",3.00066666666667,18.0102223503136,17,0,"Low_Tide",18.0102223503136,3,"1720580640-18000000"
2024-07-10 03:06:00,"03:06",3.001,18.0122880227705,17,0,"Low_Tide",18.0122880227705,3,"1720580760-18000000"
2024-07-10 03:08:00,"03:08",3.00133333333333,18.0145431441261,17,0,"Low_Tide",18.0145431441261,3,"1720580880-18000000"
2024-07-10 03:10:00,"03:10",3.00166666666667,18.016987542644,17,0,"Low_Tide",18.016987542644,3,"1720581000-18000000"
2024-07-10 03:12:00,"03:12",3.002,18.019621032174,17,0,"Low_Tide",18.019621032174,3,"1720581120-18000000"
2024-07-10 03:14:00,"03:14",3.00233333333333,18.0224434121656,17,0,"Low_Tide",18.0224434121656,3,"1720581240-18000000"
2024-07-10 03:16:00,"03:16",3.00266666666667,18.0254544676835,17,0,"Low_Tide",18.0254544676835,3,"1720581360-18000000"
2024-07-10 03:18:00,"03:18",3.003,18.0286539694244,17,0,"Low_Tide",18.0286539694244,3,"1720581480-18000000"
2024-07-10 03:20:00,"03:20",3.00333333333333,18.0320416737337,17,0,"Low_Tide",18.0320416737337,3,"1720581600-18000000"
2024-07-10 03:22:00,"03:22",3.00366666666667,18.0356173226246,17,0,"Low_Tide",18.0356173226246,3,"1720581720-18000000"
2024-07-10 03:24:00,"03:24",3.004,18.0393806437976,17,0,"Low_Tide",18.0393806437976,3,"1720581840-18000000"
2024-07-10 03:26:00,"03:26",3.00433333333333,18.0433313506613,17,0,"Low_Tide",18.0433313506613,3,"1720581960-18000000"
2024-07-10 03:28:00,"03:28",3.00466666666667,18.047469142354,17,0,"Low_Tide",18.047469142354,3,"1720582080-18000000"
2024-07-10 03:30:00,"03:30",3.005,18.0517937037669,17,0,"Low_Tide",18.0517937037669,3,"1720582200-18100000"
2024-07-10 03:32:00,"03:32",3.00533333333333,18.0563047055679,17,0,"Low_Tide",18.0563047055679,3,"1720582320-18100000"
2024-07-10 03:34:00,"03:34",3.00566666666667,18.0610018042267,17,0,"Low_Tide",18.0610018042267,3,"1720582440-18100000"
2024-07-10 03:36:00,"03:36",3.006,18.065884642041,17,0,"Low_Tide",18.065884642041,3,"1720582560-18100000"
2024-07-10 03:38:00,"03:38",3.00633333333333,18.070952847164,17,0,"Low_Tide",18.070952847164,3,"1720582680-18100000"
2024-07-10 03:40:00,"03:40",3.00666666666667,18.076206033632,17,0,"Low_Tide",18.076206033632,3,"1720582800-18100000"
2024-07-10 03:42:00,"03:42",3.007,18.0816438013947,17,0,"Low_Tide",18.0816438013947,3,"1720582920-18100000"
2024-07-10 03:44:00,"03:44",3.00733333333333,18.087265736345,17,0,"Low_Tide",18.087265736345,3,"1720583040-18100000"
2024-07-10 03:46:00,"03:46",3.00766666666667,18.0930714103507,17,0,"Low_Tide",18.0930714103507,3,"1720583160-18100000"
2024-07-10 03:48:00,"03:48",3.008,18.0990603812873,17,0,"Low_Tide",18.0990603812873,3,"1720583280-18100000"
2024-07-10 03:50:00,"03:50",3.00833333333333,18.1052321930716,17,0,"Low_Tide",18.1052321930716,3,"1720583400-18100000"
2024-07-10 03:52:00,"03:52",3.00866666666667,18.111586375696,17,0,"Low_Tide",18.111586375696,3,"1720583520-18100000"
2024-07-10 03:54:00,"03:54",3.009,18.118122445265,17,0,"Low_Tide",18.118122445265,3,"1720583640-18100000"
2024-07-10 03:56:00,"03:56",3.00933333333333,18.1248399040317,17,0,"Low_Tide",18.1248399040317,3,"1720583760-18100000"
2024-07-10 03:58:00,"03:58",3.00966666666667,18.1317382404354,17,0,"Low_Tide",18.1317382404354,3,"1720583880-18100000"
2024-07-10 04:00:00,"04:00",4,18.1388169291413,17,0,"Low_Tide",18.1388169291413,3,"1720584000-18100000"
2024-07-10 04:02:00,"04:02",4.00033333333333,18.1460754310796,17,0,"Low_Tide",18.1460754310796,3,"1720584120-18100000"
2024-07-10 04:04:00,"04:04",4.00066666666667,18.1535131934875,17,0,"Low_Tide",18.1535131934875,3,"1720584240-18200000"
2024-07-10 04:06:00,"04:06",4.001,18.1611296499505,17,0,"Low_Tide",18.1611296499505,3,"1720584360-18200000"
2024-07-10 04:08:00,"04:08",4.00133333333333,18.168924220446,17,0,"Low_Tide",18.168924220446,3,"1720584480-18200000"
2024-07-10 04:10:00,"04:10",4.00166666666667,18.1768963113872,17,0,"Low_Tide",18.1768963113872,3,"1720584600-18200000"
2024-07-10 04:12:00,"04:12",4.002,18.1850453156686,17,0,"Low_Tide",18.1850453156686,3,"1720584720-18200000"
2024-07-10 04:14:00,"04:14",4.00233333333333,18.1933706127119,17,0,"Low_Tide",18.1933706127119,3,"1720584840-18200000"
2024-07-10 04:16:00,"04:16",4.00266666666667,18.2018715685135,17,0,"Low_Tide",18.2018715685135,3,"1720584960-18200000"
2024-07-10 04:18:00,"04:18",4.003,18.2105475356927,17,0,"Low_Tide",18.2105475356927,3,"1720585080-18200000"
2024-07-10 04:20:00,"04:20",4.00333333333333,18.219397853541,17,0,"Low_Tide",18.219397853541,3,"1720585200-18200000"
2024-07-10 04:22:00,"04:22",4.00366666666667,18.2284218480726,17,0,"Low_Tide",18.2284218480726,3,"1720585320-18200000"
2024-07-10 04:24:00,"04:24",4.004,18.2376188320751,17,0,"Low_Tide",18.2376188320751,3,"1720585440-18200000"
2024-07-10 04:26:00,"04:26",4.00433333333333,18.2469881051628,17,0,"Low_Tide",18.2469881051628,3,"1720585560-18200000"
2024-07-10 04:28:00,"04:28",4.00466666666667,18.2565289538291,17,0,"Low_Tide",18.2565289538291,3,"1720585680-18300000"
2024-07-10 04:30:00,"04:30",4.005,18.2662406515016,17,0,"Low_Tide",18.2662406515016,3,"1720585800-18300000"
2024-07-10 04:32:00,"04:32",4.00533333333333,18.2761224585968,17,0,"Low_Tide",18.2761224585968,3,"1720585920-18300000"
2024-07-10 04:34:00,"04:34",4.00566666666667,18.2861736225769,17,0,"Low_Tide",18.2861736225769,3,"1720586040-18300000"
2024-07-10 04:36:00,"04:36",4.006,18.2963933780068,17,0,"Low_Tide",18.2963933780068,3,"1720586160-18300000"
2024-07-10 04:38:00,"04:38",4.00633333333333,18.3067809466125,17,0,"Low_Tide",18.3067809466125,3,"1720586280-18300000"
2024-07-10 04:40:00,"04:40",4.00666666666667,18.3173355373406,17,0,"Low_Tide",18.3173355373406,3,"1720586400-18300000"
2024-07-10 04:42:00,"04:42",4.007,18.328056346418,17,0,"Low_Tide",18.328056346418,3,"1720586520-18300000"
2024-07-10 04:44:00,"04:44",4.00733333333333,18.3389425574137,17,0,"Low_Tide",18.3389425574137,3,"1720586640-18300000"
2024-07-10 04:46:00,"04:46",4.00766666666667,18.3499933413005,17,0,"Low_Tide",18.3499933413005,3,"1720586760-18300000"
2024-07-10 04:48:00,"04:48",4.008,18.3612078565185,17,0,"Low_Tide",18.3612078565185,3,"1720586880-18400000"
2024-07-10 04:50:00,"04:50",4.00833333333333,18.3725852490388,17,0,"Low_Tide",18.3725852490388,3,"1720587000-18400000"
2024-07-10 04:52:00,"04:52",4.00866666666667,18.3841246524291,17,0,"Low_Tide",18.3841246524291,3,"1720587120-18400000"
2024-07-10 04:54:00,"04:54",4.009,18.395825187919,17,0,"Low_Tide",18.395825187919,3,"1720587240-18400000"
2024-07-10 04:56:00,"04:56",4.00933333333333,18.4076859644675,17,0,"Low_Tide",18.4076859644675,3,"1720587360-18400000"
2024-07-10 04:58:00,"04:58",4.00966666666667,18.4197060788305,17,0,"Low_Tide",18.4197060788305,3,"1720587480-18400000"
2024-07-10 05:00:00,"05:00",5,18.4318846156298,17,0,"Low_Tide",18.4318846156298,3,"1720587600-18400000"
2024-07-10 05:02:00,"05:02",5.00033333333333,18.4442206474227,17,0,"Low_Tide",18.4442206474227,3,"1720587720-18400000"
2024-07-10 05:04:00,"05:04",5.00066666666667,18.4567132347725,17,0,"Low_Tide",18.4567132347725,3,"1720587840-18500000"
2024-07-10 05:06:00,"05:06",5.001,18.4693614263205,17,0,"Low_Tide",18.4693614263205,3,"1720587960-18500000"
2024-07-10 05:08:00,"05:08",5.00133333333333,18.4821642588577,17,0,"Low_Tide",18.4821642588577,3,"1720588080-18500000"
2024-07-10 05:10:00,"05:10",5.00166666666667,18.495120757399,17,0,"Low_Tide",18.495120757399,3,"1720588200-18500000"
2024-07-10 05:12:00,"05:12",5.002,18.5082299352568,17,0,"Low_Tide",18.5082299352568,3,"1720588320-18500000"
2024-07-10 05:14:00,"05:14",5.00233333333333,18.5214907941165,17,0,"Low_Tide",18.5214907941165,3,"1720588440-18500000"
2024-07-10 05:16:00,"05:16",5.00266666666667,18.5349023241124,17,0,"Low_Tide",18.5349023241124,3,"1720588560-18500000"
2024-07-10 05:18:00,"05:18",5.003,18.5484635039044,17,0,"Low_Tide",18.5484635039044,3,"1720588680-18500000"
2024-07-10 05:20:00,"05:20",5.00333333333333,18.5621733007563,17,0,"Low_Tide",18.5621733007563,3,"1720588800-18600000"
2024-07-10 05:22:00,"05:22",5.00366666666667,18.576030670614,17,0,"Low_Tide",18.576030670614,3,"1720588920-18600000"
2024-07-10 05:24:00,"05:24",5.004,18.590034558185,17,0,"Low_Tide",18.590034558185,3,"1720589040-18600000"
2024-07-10 05:26:00,"05:26",5.00433333333333,18.6041838970192,17,0,"Low_Tide",18.6041838970192,3,"1720589160-18600000"
2024-07-10 05:28:00,"05:28",5.00466666666667,18.6184776095896,17,0,"Low_Tide",18.6184776095896,3,"1720589280-18600000"
2024-07-10 05:30:00,"05:30",5.005,18.6329146073746,17,0,"Low_Tide",18.6329146073746,3,"1720589400-18600000"
2024-07-10 05:32:00,"05:32",5.00533333333333,18.6474937909409,17,0,"Low_Tide",18.6474937909409,3,"1720589520-18600000"
2024-07-10 05:34:00,"05:34",5.00566666666667,18.6622140500274,17,0,"Low_Tide",18.6622140500274,3,"1720589640-18700000"
2024-07-10 05:36:00,"05:36",5.006,18.6770742636292,17,0,"Low_Tide",18.6770742636292,3,"1720589760-18700000"
2024-07-10 05:38:00,"05:38",5.00633333333333,18.6920733000836,17,0,"Low_Tide",18.6920733000836,3,"1720589880-18700000"
2024-07-10 05:40:00,"05:40",5.00666666666667,18.7072100171558,17,0,"Low_Tide",18.7072100171558,3,"1720590000-18700000"
2024-07-10 05:42:00,"05:42",5.007,18.7224832621264,17,0,"Low_Tide",18.7224832621264,3,"1720590120-18700000"
2024-07-10 05:44:00,"05:44",5.00733333333333,18.7378918718784,17,0,"Low_Tide",18.7378918718784,3,"1720590240-18700000"
2024-07-10 05:46:00,"05:46",5.00766666666667,18.7534346729867,17,0,"Low_Tide",18.7534346729867,3,"1720590360-18800000"
2024-07-10 05:48:00,"05:48",5.008,18.7691104818067,17,0,"Low_Tide",18.7691104818067,3,"1720590480-18800000"
2024-07-10 05:50:00,"05:50",5.00833333333333,18.784918104565,17,0,"Low_Tide",18.784918104565,3,"1720590600-18800000"
2024-07-10 05:52:00,"05:52",5.00866666666667,18.8008563374498,17,0,"Low_Tide",18.8008563374498,3,"1720590720-18800000"
2024-07-10 05:54:00,"05:54",5.009,18.816923966703,17,0,"Low_Tide",18.816923966703,3,"1720590840-18800000"
2024-07-10 05:56:00,"05:56",5.00933333333333,18.8331197687124,17,0,"Low_Tide",18.8331197687124,3,"1720590960-18800000"
2024-07-10 05:58:00,"05:58",5.00966666666667,18.8494425101051,17,0,"Low_Tide",18.8494425101051,3,"1720591080-18800000"
2024-07-10 06:00:00,"06:00",6,18.865890947841,17,0,"Low_Tide",18.865890947841,3,"1720591200-18900000"
2024-07-10 06:02:00,"06:02",6.00033333333333,18.8824638293079,17,0,"High_Tide",17,4,"1720591320-17010000"
2024-07-10 06:04:00,"06:04",6.00066666666667,18.8991598924168,17,0,"High_Tide",17,4,"1720591440-17010000"
2024-07-10 06:06:00,"06:06",6.001,18.9159778656977,17,0,"High_Tide",17,4,"1720591560-17010000"
2024-07-10 06:08:00,"06:08",6.00133333333333,18.932916468397,17,0,"High_Tide",17,4,"1720591680-17010000"
2024-07-10 06:10:00,"06:10",6.00166666666667,18.9499744105744,17,0,"High_Tide",17,4,"1720591800-17010000"
2024-07-10 06:12:00,"06:12",6.002,18.9671503932017,17,0,"High_Tide",17,4,"1720591920-17010000"
2024-07-10 06:14:00,"06:14",6.00233333333333,18.9844431082611,17,0,"High_Tide",17,4,"1720592040-17010000"
2024-07-10 06:16:00,"06:16",6.00266666666667,19.0018512388456,17,0.398931665630803,"High_Tide",17,4,"1720592160-17010000"
2024-07-10 06:18:00,"06:18",6.003,19.0193734592585,17,1.19677736117911,"High_Tide",17,4,"1720592280-17010010"
2024-07-10 06:20:00,"06:20",6.00333333333333,19.0370084351151,17,1.99457015036713,"High_Tide",17,4,"1720592400-17010020"
2024-07-10 06:22:00,"06:22",6.00366666666667,19.0547548234434,17,2.79227476488675,"High_Tide",17,4,"1720592520-17010030"
2024-07-10 06:24:00,"06:24",6.004,19.0726112727875,17,3.58985594032782,"High_Tide",17,4,"1720592640-17010040"
2024-07-10 06:26:00,"06:26",6.00433333333333,19.0905764233095,17,4.38727841773707,"High_Tide",17,4,"1720592760-17010040"
2024-07-10 06:28:00,"06:28",6.00466666666667,19.1086489068937,17,5.18450694517688,"High_Tide",17,4,"1720592880-17010050"
2024-07-10 06:30:00,"06:30",6.005,19.1268273472504,17,5.98150627928366,"High_Tide",17,4,"1720593000-17010060"
2024-07-10 06:32:00,"06:32",6.00533333333333,19.1451103600212,17,6.77824118682582,"High_Tide",17,4,"1720593120-17010070"
2024-07-10 06:34:00,"06:34",6.00566666666667,19.1634965528836,17,7.57467644626139,"High_Tide",17,4,"1720593240-17010080"
2024-07-10 06:36:00,"06:36",6.006,19.1819845256581,17,8.37077684929503,"High_Tide",17,4,"1720593360-17010080"
2024-07-10 06:38:00,"06:38",6.00633333333333,19.2005728704138,17,9.16650720243453,"High_Tide",17,4,"1720593480-17010090"
2024-07-10 06:40:00,"06:40",6.00666666666667,19.2192601715764,17,9.96183232854664,"High_Tide",17,4,"1720593600-17010100"
2024-07-10 06:42:00,"06:42",6.007,19.2380450060355,17,10.756717068412,"High_Tide",17,4,"1720593720-17010110"
2024-07-10 06:44:00,"06:44",6.00733333333333,19.2569259432532,17,11.5511262822798,"High_Tide",17,4,"1720593840-17010120"
2024-07-10 06:46:00,"06:46",6.00766666666667,19.2759015453731,17,12.3450248514206,"High_Tide",17,4,"1720593960-17010120"
2024-07-10 06:48:00,"06:48",6.008,19.2949703673297,17,13.1383776796796,"High_Tide",17,4,"1720594080-17010130"
2024-07-10 06:50:00,"06:50",6.00833333333333,19.3141309569582,17,13.9311496950276,"High_Tide",17,4,"1720594200-17010140"
2024-07-10 06:52:00,"06:52",6.00866666666667,19.3333818551056,17,14.7233058511116,"High_Tide",17,4,"1720594320-17010150"
2024-07-10 06:54:00,"06:54",6.009,19.3527215957415,17,15.514811128804,"High_Tide",17,4,"1720594440-17010160"
2024-07-10 06:56:00,"06:56",6.00933333333333,19.3721487060698,17,16.305630537751,"High_Tide",17,4,"1720594560-17010160"
2024-07-10 06:58:00,"06:58",6.00966666666667,19.3916617066408,17,17.0957291179191,"High_Tide",17,4,"1720594680-17010170"
2024-07-10 07:00:00,"07:00",7,19.4112591114638,17,17.8850719411409,"High_Tide",17,4,"1720594800-17010180"
2024-07-10 07:02:00,"07:02",7.00033333333333,19.4309394281208,17,18.6736241126589,"High_Tide",17,4,"1720594920-17010190"
2024-07-10 07:04:00,"07:04",7.00066666666667,19.4507011578794,17,19.4613507726681,"High_Tide",17,4,"1720595040-17010190"
2024-07-10 07:06:00,"07:06",7.001,19.4705427958073,17,20.2482170978574,"High_Tide",17,4,"1720595160-17010200"
2024-07-10 07:08:00,"07:08",7.00133333333333,19.4904628308871,17,21.0341883029487,"High_Tide",17,4,"1720595280-17010210"
2024-07-10 07:10:00,"07:10",7.00166666666667,19.5104597461308,17,21.8192296422349,"High_Tide",17,4,"1720595400-17010220"
2024-07-10 07:12:00,"07:12",7.002,19.530532018696,17,22.6033064111156,"High_Tide",17,4,"1720595520-17010230"
2024-07-10 07:14:00,"07:14",7.00233333333333,19.5506781200015,17,23.3863839476318,"High_Tide",17,4,"1720595640-17010230"
2024-07-10 07:16:00,"07:16",7.00266666666667,19.5708965158436,17,24.1684276339976,"High_Tide",17,4,"1720595760-17010240"
2024-07-10 07:18:00,"07:18",7.003,19.5911856665131,17,24.9494028981311,"High_Tide",17,4,"1720595880-17010250"
2024-07-10 07:20:00,"07:20",7.00333333333333,19.6115440269128,17,25.7292752151825,"High_Tide",17,4,"1720596000-17010260"
2024-07-10 07:22:00,"07:22",7.00366666666667,19.6319700466746,17,26.5080101090602,"High_Tide",17,4,"1720596120-17010270"
2024-07-10 07:24:00,"07:24",7.004,19.6524621702781,17,27.2855731539554,"High_Tide",17,4,"1720596240-17010270"
2024-07-10 07:26:00,"07:26",7.00433333333333,19.6730188371687,17,28.0619299758632,"High_Tide",17,4,"1720596360-17010280"
2024-07-10 07:28:00,"07:28",7.00466666666667,19.6936384818766,17,28.837046254103,"High_Tide",17,4,"1720596480-17010290"
2024-07-10 07:30:00,"07:30",7.005,19.7143195341361,17,29.6108877228352,"High_Tide",17,4,"1720596600-17010300"
2024-07-10 07:32:00,"07:32",7.00533333333333,19.735060419005,17,30.3834201725762,"High_Tide",17,4,"1720596720-17010300"
2024-07-10 07:34:00,"07:34",7.00566666666667,19.7558595569845,17,31.1546094517106,"High_Tide",17,4,"1720596840-17010310"
2024-07-10 07:36:00,"07:36",7.006,19.7767153641398,17,31.924421468001,"High_Tide",17,4,"1720596960-17010320"
2024-07-10 07:38:00,"07:38",7.00633333333333,19.7976262522205,17,32.6928221900953,"High_Tide",17,4,"1720597080-17010330"
2024-07-10 07:40:00,"07:40",7.00666666666667,19.8185906287813,17,33.4597776490308,"High_Tide",17,4,"1720597200-17010330"
2024-07-10 07:42:00,"07:42",7.007,19.839606897304,17,34.2252539397363,"High_Tide",17,4,"1720597320-17010340"
2024-07-10 07:44:00,"07:44",7.00733333333333,19.8606734573183,17,34.9892172225303,"High_Tide",17,4,"1720597440-17010350"
2024-07-10 07:46:00,"07:46",7.00766666666667,19.8817887045241,17,35.7516337246178,"High_Tide",17,4,"1720597560-17010360"
2024-07-10 07:48:00,"07:48",7.008,19.9029510309135,17,36.5124697415828,"High_Tide",17,4,"1720597680-17010370"
2024-07-10 07:50:00,"07:50",7.00833333333333,19.9241588248935,17,37.271691638878,"High_Tide",17,4,"1720597800-17010370"
2024-07-10 07:52:00,"07:52",7.00866666666667,19.9454104714084,17,38.0292658533126,"High_Tide",17,4,"1720597920-17010380"
2024-07-10 07:54:00,"07:54",7.009,19.9667043520631,17,38.7851588945352,"High_Tide",17,4,"1720598040-17010390"
2024-07-10 07:56:00,"07:56",7.00933333333333,19.9880388452461,17,39.5393373465146,"High_Tide",17,4,"1720598160-17010400"
2024-07-10 07:58:00,"07:58",7.00966666666667,20.0094123262532,17,40.291767869017,"High_Tide",17,4,"1720598280-17010400"
2024-07-10 08:00:00,"08:00",8,20.0308231674111,17,41.0424171990803,"High_Tide",17,4,"1720598400-17010410"
2024-07-10 08:02:00,"08:02",8.00033333333333,20.0522697382012,17,41.7912521524837,"High_Tide",17,4,"1720598520-17010420"
2024-07-10 08:04:00,"08:04",8.00066666666667,20.0737504053843,17,42.5382396252156,"High_Tide",17,4,"1720598640-17010430"
2024-07-10 08:06:00,"08:06",8.001,20.0952635331242,17,43.2833465949364,"High_Tide",17,4,"1720598760-17010430"
2024-07-10 08:08:00,"08:08",8.00133333333333,20.1168074831131,17,44.0265401224387,"High_Tide",17,4,"1720598880-17010440"
2024-07-10 08:10:00,"08:10",8.00166666666667,20.1383806146958,17,44.7677873531033,"High_Tide",17,4,"1720599000-17010450"
2024-07-10 08:12:00,"08:12",8.002,20.1599812849947,17,45.5070555183514,"High_Tide",17,4,"1720599120-17010460"
2024-07-10 08:14:00,"08:14",8.00233333333333,20.1816078490352,17,46.2443119370938,"High_Tide",17,4,"1720599240-17010460"
2024-07-10 08:16:00,"08:16",8.00266666666667,20.2032586598707,17,46.979524017175,"High_Tide",17,4,"1720599360-17010470"
2024-07-10 08:18:00,"08:18",8.003,20.2249320687082,17,47.7126592568146,"High_Tide",17,4,"1720599480-17010480"
2024-07-10 08:20:00,"08:20",8.00333333333333,20.2466264250335,17,48.4436852460435,"High_Tide",17,4,"1720599600-17010480"
2024-07-10 08:22:00,"08:22",8.00366666666667,20.2683400767376,17,49.1725696681371,"High_Tide",17,4,"1720599720-17010490"
2024-07-10 08:24:00,"08:24",8.004,20.2900713702418,17,49.899280301044,"High_Tide",17,4,"1720599840-17010500"
2024-07-10 08:26:00,"08:26",8.00433333333333,20.3118186506238,17,50.6237850188099,"High_Tide",17,4,"1720599960-17010510"
2024-07-10 08:28:00,"08:28",8.00466666666667,20.3335802617442,17,51.3460517929985,"High_Tide",17,4,"1720600080-17010510"
2024-07-10 08:30:00,"08:30",8.005,20.355354546372,17,52.066048694107,"High_Tide",17,4,"1720600200-17010520"
2024-07-10 08:32:00,"08:32",8.00533333333333,20.3771398463111,17,52.7837438929775,"High_Tide",17,4,"1720600320-17010530"
2024-07-10 08:34:00,"08:34",8.00566666666667,20.3989345025266,17,53.4991056622044,"High_Tide",17,4,"1720600440-17010530"
2024-07-10 08:36:00,"08:36",8.006,20.420736855271,17,54.212102377537,"High_Tide",17,4,"1720600560-17010540"
2024-07-10 08:38:00,"08:38",8.00633333333333,20.4425452442108,17,54.922702519277,"High_Tide",17,4,"1720600680-17010550"
2024-07-10 08:40:00,"08:40",8.00666666666667,20.4643580085526,17,55.6308746736727,"High_Tide",17,4,"1720600800-17010560"
2024-07-10 08:42:00,"08:42",8.007,20.4861734871701,17,56.3365875343069,"High_Tide",17,4,"1720600920-17010560"
2024-07-10 08:44:00,"08:44",8.00733333333333,20.5079900187301,17,57.0398099034815,"High_Tide",17,4,"1720601040-17010570"
2024-07-10 08:46:00,"08:46",8.00766666666667,20.5298059418192,17,57.7405106935965,"High_Tide",17,4,"1720601160-17010580"
2024-07-10 08:48:00,"08:48",8.008,20.5516195950705,17,58.4386589285241,"High_Tide",17,4,"1720601280-17010580"
2024-07-10 08:50:00,"08:50",8.00833333333333,20.5734293172897,17,59.1342237449781,"High_Tide",17,4,"1720601400-17010590"
2024-07-10 08:52:00,"08:52",8.00866666666667,20.5952334475821,17,59.8271743938787,"High_Tide",17,4,"1720601520-17010600"
2024-07-10 08:54:00,"08:54",8.009,20.6170303254788,17,60.5174802417113,"High_Tide",17,4,"1720601640-17010610"
2024-07-10 08:56:00,"08:56",8.00933333333333,20.6388182910631,17,61.205110771881,"High_Tide",17,4,"1720601760-17010610"
2024-07-10 08:58:00,"08:58",8.00966666666667,20.6605956850971,17,61.8900355860617,"High_Tide",17,4,"1720601880-17010620"
2024-07-10 09:00:00,"09:00",9,20.6823608491479,17,62.5722244055398,"High_Tide",17,4,"1720602000-17010630"
2024-07-10 09:02:00,"09:02",9.00033333333333,20.704112125714,17,63.2516470725526,"High_Tide",17,4,"1720602120-17010630"
2024-07-10 09:04:00,"09:04",9.00066666666667,20.7258478583514,17,63.9282735516221,"High_Tide",17,4,"1720602240-17010640"
2024-07-10 09:06:00,"09:06",9.001,20.7475663918,17,64.6020739308819,"High_Tide",17,4,"1720602360-17010650"
2024-07-10 09:08:00,"09:08",9.00133333333333,20.7692660721095,17,65.2730184234003,"High_Tide",17,4,"1720602480-17010650"
2024-07-10 09:10:00,"09:10",9.00166666666667,20.790945246765,17,65.9410773684967,"High_Tide",17,4,"1720602600-17010660"
2024-07-10 09:12:00,"09:12",9.002,20.8126022648135,17,66.606221233053,"High_Tide",17,4,"1720602720-17010670"
2024-07-10 09:14:00,"09:14",9.00233333333333,20.8342354769893,17,67.2684206128189,"High_Tide",17,4,"1720602840-17010670"
2024-07-10 09:16:00,"09:16",9.00266666666667,20.8558432358394,17,67.9276462337121,"High_Tide",17,4,"1720602960-17010680"
2024-07-10 09:18:00,"09:18",9.003,20.8774238958495,17,68.5838689531125,"High_Tide",17,4,"1720603080-17010690"
2024-07-10 09:20:00,"09:20",9.00333333333333,20.8989758135686,17,69.23705976115,"High_Tide",17,4,"1720603200-17010690"
2024-07-10 09:22:00,"09:22",9.00366666666667,20.9204973477348,17,69.8871897819873,"High_Tide",17,4,"1720603320-17010700"
2024-07-10 09:24:00,"09:24",9.004,20.9419868594,17,70.5342302750968,"High_Tide",17,4,"1720603440-17010710"
2024-07-10 09:26:00,"09:26",9.00433333333333,20.9634427120546,17,71.1781526365303,"High_Tide",17,4,"1720603560-17010710"
2024-07-10 09:28:00,"09:28",9.00466666666667,20.9848632717524,17,71.818928400184,"High_Tide",17,4,"1720603680-17010720"
2024-07-10 09:30:00,"09:30",9.005,21.0062469072348,17,72.4565292390573,"High_Tide",17,4,"1720603800-17010720"
2024-07-10 09:32:00,"09:32",9.00533333333333,21.0275919900552,17,73.090926966504,"High_Tide",17,4,"1720603920-17010730"
2024-07-10 09:34:00,"09:34",9.00566666666667,21.0488968947029,17,73.7220935374795,"High_Tide",17,4,"1720604040-17010740"
2024-07-10 09:36:00,"09:36",9.006,21.070159998727,17,74.3500010497798,"High_Tide",17,4,"1720604160-17010740"
2024-07-10 09:38:00,"09:38",9.00633333333333,21.0913796828597,17,74.9746217452752,"High_Tide",17,4,"1720604280-17010750"
2024-07-10 09:40:00,"09:40",9.00666666666667,21.1125543311399,17,75.5959280111378,"High_Tide",17,4,"1720604400-17010760"
2024-07-10 09:42:00,"09:42",9.007,21.1336823310362,17,76.2138923810614,"High_Tide",17,4,"1720604520-17010760"
2024-07-10 09:44:00,"09:44",9.00733333333333,21.1547620735696,17,76.8284875364767,"High_Tide",17,4,"1720604640-17010770"
2024-07-10 09:46:00,"09:46",9.00766666666667,21.175791953436,17,77.4396863077581,"High_Tide",17,4,"1720604760-17010770"
2024-07-10 09:48:00,"09:48",9.008,21.1967703691288,17,78.0474616754252,"High_Tide",17,4,"1720604880-17010780"
2024-07-10 09:50:00,"09:50",9.00833333333333,21.2176957230603,17,78.6517867713372,"High_Tide",17,4,"1720605000-17010790"
2024-07-10 09:52:00,"09:52",9.00866666666667,21.2385664216839,17,79.2526348798809,"High_Tide",17,4,"1720605120-17010790"
2024-07-10 09:54:00,"09:54",9.009,21.2593808756149,17,79.8499794391513,"High_Tide",17,4,"1720605240-17010800"
2024-07-10 09:56:00,"09:56",9.00933333333333,21.2801374997522,17,80.4437940421261,"High_Tide",17,4,"1720605360-17010800"
2024-07-10 09:58:00,"09:58",9.00966666666667,21.3008347133985,17,81.0340524378331,"High_Tide",17,4,"1720605480-17010810"
2024-07-10 10:00:00,"10:00",10,21.3214709403808,17,81.6207285325103,"High_Tide",17,4,"1720605600-17010820"
2024-07-10 10:02:00,"10:02",10.0003333333333,21.3420446091705,17,82.2037963907603,"High_Tide",17,4,"1720605720-17010820"
2024-07-10 10:04:00,"10:04",10.0006666666667,21.3625541530031,17,82.7832302366957,"High_Tide",17,4,"1720605840-17010830"
2024-07-10 10:06:00,"10:06",10.001,21.3829980099975,17,83.3590044550797,"High_Tide",17,4,"1720605960-17010830"
2024-07-10 10:08:00,"10:08",10.0013333333333,21.4033746232747,17,83.9310935924575,"High_Tide",17,4,"1720606080-17010840"
2024-07-10 10:10:00,"10:10",10.0016666666667,21.4236824410769,17,84.4994723582822,"High_Tide",17,4,"1720606200-17010840"
2024-07-10 10:12:00,"10:12",10.002,21.4439199168849,17,85.0641156260327,"High_Tide",17,4,"1720606320-17010850"
2024-07-10 10:14:00,"10:14",10.0023333333333,21.4640855095368,17,85.6249984343241,"High_Tide",17,4,"1720606440-17010860"
2024-07-10 10:16:00,"10:16",10.0026666666667,21.4841776833444,17,86.1820959880118,"High_Tide",17,4,"1720606560-17010860"
2024-07-10 10:18:00,"10:18",10.003,21.5041949082111,17,86.735383659287,"High_Tide",17,4,"1720606680-17010870"
2024-07-10 10:20:00,"10:20",10.0033333333333,21.5241356597477,17,87.2848369887658,"High_Tide",17,4,"1720606800-17010870"
2024-07-10 10:22:00,"10:22",10.0036666666667,21.5439984193886,17,87.8304316865706,"High_Tide",17,4,"1720606920-17010880"
2024-07-10 10:24:00,"10:24",10.004,21.5637816745079,17,88.3721436334034,"High_Tide",17,4,"1720607040-17010880"
2024-07-10 10:26:00,"10:26",10.0043333333333,21.5834839185341,17,88.9099488816126,"High_Tide",17,4,"1720607160-17010890"
2024-07-10 10:28:00,"10:28",10.0046666666667,21.603103651065,17,89.4438236562512,"High_Tide",17,4,"1720607280-17010890"
2024-07-10 10:30:00,"10:30",10.005,21.6226393779821,17,89.9737443561281,"High_Tide",17,4,"1720607400-17010900"
2024-07-10 10:32:00,"10:32",10.0053333333333,21.642089611564,17,90.4996875548515,"High_Tide",17,4,"1720607520-17010900"
2024-07-10 10:34:00,"10:34",10.0056666666667,21.6614528706003,17,91.0216300018643,"High_Tide",17,4,"1720607640-17010910"
2024-07-10 10:36:00,"10:36",10.006,21.6807276805037,17,91.539548623472,"High_Tide",17,4,"1720607760-17010920"
2024-07-10 10:38:00,"10:38",10.0063333333333,21.6999125734228,17,92.0534205238628,"High_Tide",17,4,"1720607880-17010920"
2024-07-10 10:40:00,"10:40",10.0066666666667,21.7190060883539,17,92.56322298612,"High_Tide",17,4,"1720608000-17010930"
2024-07-10 10:42:00,"10:42",10.007,21.7380067712517,17,93.0689334732255,"High_Tide",17,4,"1720608120-17010930"
2024-07-10 10:44:00,"10:44",10.0073333333333,21.7569131751408,17,93.5705296290569,"High_Tide",17,4,"1720608240-17010940"
2024-07-10 10:46:00,"10:46",10.0076666666667,21.7757238602252,17,94.0679892793756,"High_Tide",17,4,"1720608360-17010940"
2024-07-10 10:48:00,"10:48",10.008,21.7944373939985,17,94.5612904328066,"High_Tide",17,4,"1720608480-17010950"
2024-07-10 10:50:00,"10:50",10.0083333333333,21.8130523513527,17,95.0504112818115,"High_Tide",17,4,"1720608600-17010950"
2024-07-10 10:52:00,"10:52",10.0086666666667,21.8315673146866,17,95.5353302036516,"High_Tide",17,4,"1720608720-17010960"
2024-07-10 10:54:00,"10:54",10.009,21.8499808740141,17,96.0160257613447,"High_Tide",17,4,"1720608840-17010960"
2024-07-10 10:56:00,"10:56",10.0093333333333,21.8682916270714,17,96.4924767046122,"High_Tide",17,4,"1720608960-17010960"
2024-07-10 10:58:00,"10:58",10.0096666666667,21.8864981794237,17,96.9646619708186,"High_Tide",17,4,"1720609080-17010970"
2024-07-10 11:00:00,"11:00",11,21.9045991445717,17,97.4325606859028,"High_Tide",17,4,"1720609200-17010970"
2024-07-10 11:02:00,"11:02",11.0003333333333,21.9225931440566,17,97.8961521653006,"High_Tide",17,4,"1720609320-17010980"
2024-07-10 11:04:00,"11:04",11.0006666666667,21.9404788075658,17,98.3554159148596,"High_Tide",17,4,"1720609440-17010980"
2024-07-10 11:06:00,"11:06",11.001,21.9582547730368,17,98.8103316317447,"High_Tide",17,4,"1720609560-17010990"
2024-07-10 11:08:00,"11:08",11.0013333333333,21.975919686761,17,99.2608792053357,"High_Tide",17,4,"1720609680-17010990"
2024-07-10 11:10:00,"11:10",11.0016666666667,21.9934722034868,17,99.7070387181168,"High_Tide",17,4,"1720609800-17011000"
2024-07-10 11:12:00,"11:12",11.002,22.010910986522,17,100,"High_Tide",17,4,"1720609920-17011000"
2024-07-10 11:14:00,"11:14",11.0023333333333,22.0282347078359,17,100,"High_Tide",17,4,"1720610040-17011000"
2024-07-10 11:16:00,"11:16",11.0026666666667,22.04544204816,17,100,"High_Tide",17,4,"1720610160-17011000"
2024-07-10 11:18:00,"11:18",11.003,22.0625316970887,17,100,"High_Tide",17,4,"1720610280-17011000"
2024-07-10 11:20:00,"11:20",11.0033333333333,22.0795023531791,17,100,"High_Tide",17,4,"1720610400-17011000"
2024-07-10 11:22:00,"11:22",11.0036666666667,22.09635272405,17,100,"High_Tide",17,4,"1720610520-17011000"
2024-07-10 11:24:00,"11:24",11.004,22.1130815264805,17,100,"High_Tide",17,4,"1720610640-17011000"
2024-07-10 11:26:00,"11:26",11.0043333333333,22.1296874865074,17,100,"High_Tide",17,4,"1720610760-17011000"
2024-07-10 11:28:00,"11:28",11.0046666666667,22.1461693395226,17,100,"High_Tide",17,4,"1720610880-17011000"
2024-07-10 11:30:00,"11:30",11.005,22.1625258303692,17,100,"High_Tide",17,4,"1720611000-17011000"
2024-07-10 11:32:00,"11:32",11.0053333333333,22.1787557134371,17,100,"High_Tide",17,4,"1720611120-17011000"
2024-07-10 11:34:00,"11:34",11.0056666666667,22.1948577527578,17,100,"High_Tide",17,4,"1720611240-17011000"
2024-07-10 11:36:00,"11:36",11.006,22.2108307220988,17,100,"High_Tide",17,4,"1720611360-17011000"
2024-07-10 11:38:00,"11:38",11.0063333333333,22.2266734050565,17,100,"High_Tide",17,4,"1720611480-17011000"
2024-07-10 11:40:00,"11:40",11.0066666666667,22.2423845951493,17,100,"High_Tide",17,4,"1720611600-17011000"
2024-07-10 11:42:00,"11:42",11.007,22.2579630959093,17,100,"High_Tide",17,4,"1720611720-17011000"
2024-07-10 11:44:00,"11:44",11.0073333333333,22.2734077209733,17,100,"High_Tide",17,4,"1720611840-17011000"
2024-07-10 11:46:00,"11:46",11.0076666666667,22.2887172941734,17,100,"High_Tide",17,4,"1720611960-17011000"
2024-07-10 11:48:00,"11:48",11.008,22.3038906496261,17,100,"High_Tide",17,4,"1720612080-17011000"
2024-07-10 11:50:00,"11:50",11.0083333333333,22.3189266318219,17,100,"High_Tide",17,4,"1720612200-17011000"
2024-07-10 11:52:00,"11:52",11.0086666666667,22.3338240957124,17,100,"High_Tide",17,4,"1720612320-17011000"
2024-07-10 11:54:00,"11:54",11.009,22.3485819067981,17,100,"High_Tide",17,4,"1720612440-17011000"
2024-07-10 11:56:00,"11:56",11.0093333333333,22.3631989412145,17,100,"High_Tide",17,4,"1720612560-17011000"
2024-07-10 11:58:00,"11:58",11.0096666666667,22.3776740858178,17,100,"High_Tide",17,4,"1720612680-17011000"
2024-07-10 12:00:00,"12:00",12,22.3920062382698,17,100,"High_Tide",17,4,"1720612800-17011000"
2024-07-10 12:02:00,"12:02",12.0003333333333,22.4061943071216,17,100,"Low_Tide",22.4061943071216,5,"1720612920-22401000"
2024-07-10 12:04:00,"12:04",12.0006666666667,22.4202372118967,17,100,"Low_Tide",22.4202372118967,5,"1720613040-22401000"
2024-07-10 12:06:00,"12:06",12.001,22.4341338831737,17,100,"Low_Tide",22.4341338831737,5,"1720613160-22401000"
2024-07-10 12:08:00,"12:08",12.0013333333333,22.4478832626671,17,100,"Low_Tide",22.4478832626671,5,"1720613280-22401000"
2024-07-10 12:10:00,"12:10",12.0016666666667,22.4614843033086,17,100,"Low_Tide",22.4614843033086,5,"1720613400-22501000"
2024-07-10 12:12:00,"12:12",12.002,22.4749359693261,17,100,"Low_Tide",22.4749359693261,5,"1720613520-22501000"
2024-07-10 12:14:00,"12:14",12.0023333333333,22.4882372363234,17,100,"Low_Tide",22.4882372363234,5,"1720613640-22501000"
2024-07-10 12:16:00,"12:16",12.0026666666667,22.5013870913573,17,100,"Low_Tide",22.5013870913573,5,"1720613760-22501000"
2024-07-10 12:18:00,"12:18",12.003,22.5143845330155,17,100,"Low_Tide",22.5143845330155,5,"1720613880-22501000"
2024-07-10 12:20:00,"12:20",12.0033333333333,22.5272285714925,17,100,"Low_Tide",22.5272285714925,5,"1720614000-22501000"
2024-07-10 12:22:00,"12:22",12.0036666666667,22.5399182286651,17,100,"Low_Tide",22.5399182286651,5,"1720614120-22501000"
2024-07-10 12:24:00,"12:24",12.004,22.5524525381666,17,100,"Low_Tide",22.5524525381666,5,"1720614240-22601000"
2024-07-10 12:26:00,"12:26",12.0043333333333,22.5648305454611,17,100,"Low_Tide",22.5648305454611,5,"1720614360-22601000"
2024-07-10 12:28:00,"12:28",12.0046666666667,22.5770513079151,17,100,"Low_Tide",22.5770513079151,5,"1720614480-22601000"
2024-07-10 12:30:00,"12:30",12.005,22.5891138948704,17,100,"Low_Tide",22.5891138948704,5,"1720614600-22601000"
2024-07-10 12:32:00,"12:32",12.0053333333333,22.6010173877143,17,100,"Low_Tide",22.6010173877143,5,"1720614720-22601000"
2024-07-10 12:34:00,"12:34",12.0056666666667,22.6127608799498,17,100,"Low_Tide",22.6127608799498,5,"1720614840-22601000"
2024-07-10 12:36:00,"12:36",12.006,22.6243434772643,17,100,"Low_Tide",22.6243434772643,5,"1720614960-22601000"
2024-07-10 12:38:00,"12:38",12.0063333333333,22.6357642975983,17,100,"Low_Tide",22.6357642975983,5,"1720615080-22601000"
2024-07-10 12:40:00,"12:40",12.0066666666667,22.647022471212,17,100,"Low_Tide",22.647022471212,5,"1720615200-22601000"
2024-07-10 12:42:00,"12:42",12.007,22.6581171407521,17,100,"Low_Tide",22.6581171407521,5,"1720615320-22701000"
2024-07-10 12:44:00,"12:44",12.0073333333333,22.6690474613164,17,100,"Low_Tide",22.6690474613164,5,"1720615440-22701000"
2024-07-10 12:46:00,"12:46",12.0076666666667,22.6798126005187,17,100,"Low_Tide",22.6798126005187,5,"1720615560-22701000"
2024-07-10 12:48:00,"12:48",12.008,22.690411738552,17,100,"Low_Tide",22.690411738552,5,"1720615680-22701000"
2024-07-10 12:50:00,"12:50",12.0083333333333,22.7008440682509,17,100,"Low_Tide",22.7008440682509,5,"1720615800-22701000"
2024-07-10 12:52:00,"12:52",12.0086666666667,22.7111087951531,17,100,"Low_Tide",22.7111087951531,5,"1720615920-22701000"
2024-07-10 12:54:00,"12:54",12.009,22.7212051375598,17,100,"Low_Tide",22.7212051375598,5,"1720616040-22701000"
2024-07-10 12:56:00,"12:56",12.0093333333333,22.7311323265956,17,100,"Low_Tide",22.7311323265956,5,"1720616160-22701000"
2024-07-10 12:58:00,"12:58",12.0096666666667,22.7408896062666,17,100,"Low_Tide",22.7408896062666,5,"1720616280-22701000"
2024-07-10 13:00:00,"13:00",13,22.750476233518,17,100,"Low_Tide",22.750476233518,5,"1720616400-22801000"
2024-07-10 13:02:00,"13:02",13.0003333333333,22.7598914782912,17,100,"Low_Tide",22.7598914782912,5,"1720616520-22801000"
2024-07-10 13:04:00,"13:04",13.0006666666667,22.7691346235789,17,100,"Low_Tide",22.7691346235789,5,"1720616640-22801000"
2024-07-10 13:06:00,"13:06",13.001,22.7782049654796,17,100,"Low_Tide",22.7782049654796,5,"1720616760-22801000"
2024-07-10 13:08:00,"13:08",13.0013333333333,22.7871018132518,17,100,"Low_Tide",22.7871018132518,5,"1720616880-22801000"
2024-07-10 13:10:00,"13:10",13.0016666666667,22.795824489366,17,100,"Low_Tide",22.795824489366,5,"1720617000-22801000"
2024-07-10 13:12:00,"13:12",13.002,22.8043723295567,17,100,"Low_Tide",22.8043723295567,5,"1720617120-22801000"
2024-07-10 13:14:00,"13:14",13.0023333333333,22.8127446828727,17,100,"Low_Tide",22.8127446828727,5,"1720617240-22801000"
2024-07-10 13:16:00,"13:16",13.0026666666667,22.820940911727,17,100,"Low_Tide",22.820940911727,5,"1720617360-22801000"
2024-07-10 13:18:00,"13:18",13.003,22.828960391945,17,100,"Low_Tide",22.828960391945,5,"1720617480-22801000"
2024-07-10 13:20:00,"13:20",13.0033333333333,22.8368025128123,17,100,"Low_Tide",22.8368025128123,5,"1720617600-22801000"
2024-07-10 13:22:00,"13:22",13.0036666666667,22.8444666771208,17,100,"Low_Tide",22.8444666771208,5,"1720617720-22801000"
2024-07-10 13:24:00,"13:24",13.004,22.851952301215,17,100,"Low_Tide",22.851952301215,5,"1720617840-22901000"
2024-07-10 13:26:00,"13:26",13.0043333333333,22.8592588150354,17,100,"Low_Tide",22.8592588150354,5,"1720617960-22901000"
2024-07-10 13:28:00,"13:28",13.0046666666667,22.8663856621628,17,100,"Low_Tide",22.8663856621628,5,"1720618080-22901000"
2024-07-10 13:30:00,"13:30",13.005,22.8733322998602,17,100,"Low_Tide",22.8733322998602,5,"1720618200-22901000"
2024-07-10 13:32:00,"13:32",13.0053333333333,22.8800981991143,17,100,"Low_Tide",22.8800981991143,5,"1720618320-22901000"
2024-07-10 13:34:00,"13:34",13.0056666666667,22.8866828446756,17,100,"Low_Tide",22.8866828446756,5,"1720618440-22901000"
2024-07-10 13:36:00,"13:36",13.006,22.8930857350978,17,100,"Low_Tide",22.8930857350978,5,"1720618560-22901000"
2024-07-10 13:38:00,"13:38",13.0063333333333,22.8993063827761,17,100,"Low_Tide",22.8993063827761,5,"1720618680-22901000"
2024-07-10 13:40:00,"13:40",13.0066666666667,22.905344313984,17,100,"Low_Tide",22.905344313984,5,"1720618800-22901000"
2024-07-10 13:42:00,"13:42",13.007,22.9111990689098,17,100,"Low_Tide",22.9111990689098,5,"1720618920-22901000"
2024-07-10 13:44:00,"13:44",13.0073333333333,22.9168702016912,17,100,"Low_Tide",22.9168702016912,5,"1720619040-22901000"
2024-07-10 13:46:00,"13:46",13.0076666666667,22.9223572804494,17,100,"Low_Tide",22.9223572804494,5,"1720619160-22901000"
2024-07-10 13:48:00,"13:48",13.008,22.9276598873221,17,100,"Low_Tide",22.9276598873221,5,"1720619280-22901000"
2024-07-10 13:50:00,"13:50",13.0083333333333,22.9327776184954,17,100,"Low_Tide",22.9327776184954,5,"1720619400-22901000"
2024-07-10 13:52:00,"13:52",13.0086666666667,22.9377100842341,17,100,"Low_Tide",22.9377100842341,5,"1720619520-22901000"
2024-07-10 13:54:00,"13:54",13.009,22.9424569089119,17,100,"Low_Tide",22.9424569089119,5,"1720619640-22901000"
2024-07-10 13:56:00,"13:56",13.0093333333333,22.9470177310398,17,100,"Low_Tide",22.9470177310398,5,"1720619760-22901000"
2024-07-10 13:58:00,"13:58",13.0096666666667,22.9513922032934,17,100,"Low_Tide",22.9513922032934,5,"1720619880-23001000"
2024-07-10 14:00:00,"14:00",14,22.9555799925398,17,100,"Low_Tide",22.9555799925398,5,"1720620000-23001000"
2024-07-10 14:02:00,"14:02",14.0003333333333,22.9595807798626,17,100,"Low_Tide",22.9595807798626,5,"1720620120-23001000"
2024-07-10 14:04:00,"14:04",14.0006666666667,22.9633942605864,17,100,"Low_Tide",22.9633942605864,5,"1720620240-23001000"
2024-07-10 14:06:00,"14:06",14.001,22.9670201442998,17,100,"Low_Tide",22.9670201442998,5,"1720620360-23001000"
2024-07-10 14:08:00,"14:08",14.0013333333333,22.9704581548777,17,100,"Low_Tide",22.9704581548777,5,"1720620480-23001000"
2024-07-10 14:10:00,"14:10",14.0016666666667,22.9737080305024,17,100,"Low_Tide",22.9737080305024,5,"1720620600-23001000"
2024-07-10 14:12:00,"14:12",14.002,22.9767695236832,17,100,"Low_Tide",22.9767695236832,5,"1720620720-23001000"
2024-07-10 14:14:00,"14:14",14.0023333333333,22.9796424012756,17,100,"Low_Tide",22.9796424012756,5,"1720620840-23001000"
2024-07-10 14:16:00,"14:16",14.0026666666667,22.9823264444988,17,100,"Low_Tide",22.9823264444988,5,"1720620960-23001000"
2024-07-10 14:18:00,"14:18",14.003,22.9848214489526,17,100,"Low_Tide",22.9848214489526,5,"1720621080-23001000"
2024-07-10 14:20:00,"14:20",14.0033333333333,22.9871272246326,17,100,"Low_Tide",22.9871272246326,5,"1720621200-23001000"
2024-07-10 14:22:00,"14:22",14.0036666666667,22.9892435959452,17,100,"Low_Tide",22.9892435959452,5,"1720621320-23001000"
2024-07-10 14:24:00,"14:24",14.004,22.9911704017204,17,100,"Low_Tide",22.9911704017204,5,"1720621440-23001000"
2024-07-10 14:26:00,"14:26",14.0043333333333,22.9929074952246,17,100,"Low_Tide",22.9929074952246,5,"1720621560-23001000"
2024-07-10 14:28:00,"14:28",14.0046666666667,22.9944547441713,17,100,"Low_Tide",22.9944547441713,5,"1720621680-23001000"
2024-07-10 14:30:00,"14:30",14.005,22.9958120307316,17,100,"Low_Tide",22.9958120307316,5,"1720621800-23001000"
2024-07-10 14:32:00,"14:32",14.0053333333333,22.9969792515429,17,100,"Low_Tide",22.9969792515429,5,"1720621920-23001000"
2024-07-10 14:34:00,"14:34",14.0056666666667,22.9979563177166,17,100,"Low_Tide",22.9979563177166,5,"1720622040-23001000"
2024-07-10 14:36:00,"14:36",14.006,22.9987431548456,17,100,"Low_Tide",22.9987431548456,5,"1720622160-23001000"
2024-07-10 14:38:00,"14:38",14.0063333333333,22.999339703009,17,100,"Low_Tide",22.999339703009,5,"1720622280-23001000"
2024-07-10 14:40:00,"14:40",14.0066666666667,22.9997459167775,17,100,"Low_Tide",22.9997459167775,5,"1720622400-23001000"
2024-07-10 14:42:00,"14:42",14.007,22.9999617652162,17,100,"Low_Tide",22.9999617652162,5,"1720622520-23001000"
2024-07-10 14:44:00,"14:44",14.0073333333333,22.9999872318875,17,100,"Low_Tide",22.9999872318875,5,"1720622640-23001000"
2024-07-10 14:46:00,"14:46",14.0076666666667,22.9998223148521,17,100,"Low_Tide",22.9998223148521,5,"1720622760-23001000"
2024-07-10 14:48:00,"14:48",14.008,22.9994670266688,17,100,"Low_Tide",22.9994670266688,5,"1720622880-23001000"
2024-07-10 14:50:00,"14:50",14.0083333333333,22.9989213943945,17,100,"Low_Tide",22.9989213943945,5,"1720623000-23001000"
2024-07-10 14:52:00,"14:52",14.0086666666667,22.9981854595809,17,100,"Low_Tide",22.9981854595809,5,"1720623120-23001000"
2024-07-10 14:54:00,"14:54",14.009,22.9972592782725,17,100,"Low_Tide",22.9972592782725,5,"1720623240-23001000"
2024-07-10 14:56:00,"14:56",14.0093333333333,22.9961429210016,17,100,"Low_Tide",22.9961429210016,5,"1720623360-23001000"
2024-07-10 14:58:00,"14:58",14.0096666666667,22.994836472783,17,100,"Low_Tide",22.994836472783,5,"1720623480-23001000"
2024-07-10 15:00:00,"15:00",15,22.9933400331078,17,100,"Low_Tide",22.9933400331078,5,"1720623600-23001000"
2024-07-10 15:02:00,"15:02",15.0003333333333,22.9916537159358,17,100,"Low_Tide",22.9916537159358,5,"1720623720-23001000"
2024-07-10 15:04:00,"15:04",15.0006666666667,22.9897776496864,17,100,"Low_Tide",22.9897776496864,5,"1720623840-23001000"
2024-07-10 15:06:00,"15:06",15.001,22.9877119772295,17,100,"Low_Tide",22.9877119772295,5,"1720623960-23001000"
2024-07-10 15:08:00,"15:08",15.0013333333333,22.9854568558739,17,100,"Low_Tide",22.9854568558739,5,"1720624080-23001000"
2024-07-10 15:10:00,"15:10",15.0016666666667,22.983012457356,17,100,"Low_Tide",22.983012457356,5,"1720624200-23001000"
2024-07-10 15:12:00,"15:12",15.002,22.980378967826,17,100,"Low_Tide",22.980378967826,5,"1720624320-23001000"
2024-07-10 15:14:00,"15:14",15.0023333333333,22.9775565878344,17,100,"Low_Tide",22.9775565878344,5,"1720624440-23001000"
2024-07-10 15:16:00,"15:16",15.0026666666667,22.9745455323165,17,100,"Low_Tide",22.9745455323165,5,"1720624560-23001000"
2024-07-10 15:18:00,"15:18",15.003,22.9713460305756,17,100,"Low_Tide",22.9713460305756,5,"1720624680-23001000"
2024-07-10 15:20:00,"15:20",15.0033333333333,22.9679583262663,17,100,"Low_Tide",22.9679583262663,5,"1720624800-23001000"
2024-07-10 15:22:00,"15:22",15.0036666666667,22.9643826773754,17,100,"Low_Tide",22.9643826773754,5,"1720624920-23001000"
2024-07-10 15:24:00,"15:24",15.004,22.9606193562024,17,100,"Low_Tide",22.9606193562024,5,"1720625040-23001000"
2024-07-10 15:26:00,"15:26",15.0043333333333,22.9566686493387,17,100,"Low_Tide",22.9566686493387,5,"1720625160-23001000"
2024-07-10 15:28:00,"15:28",15.0046666666667,22.952530857646,17,100,"Low_Tide",22.952530857646,5,"1720625280-23001000"
2024-07-10 15:30:00,"15:30",15.005,22.9482062962331,17,100,"Low_Tide",22.9482062962331,5,"1720625400-22901000"
2024-07-10 15:32:00,"15:32",15.0053333333333,22.9436952944321,17,100,"Low_Tide",22.9436952944321,5,"1720625520-22901000"
2024-07-10 15:34:00,"15:34",15.0056666666667,22.9389981957733,17,100,"Low_Tide",22.9389981957733,5,"1720625640-22901000"
2024-07-10 15:36:00,"15:36",15.006,22.934115357959,17,100,"Low_Tide",22.934115357959,5,"1720625760-22901000"
2024-07-10 15:38:00,"15:38",15.0063333333333,22.929047152836,17,100,"Low_Tide",22.929047152836,5,"1720625880-22901000"
2024-07-10 15:40:00,"15:40",15.0066666666667,22.923793966368,17,100,"Low_Tide",22.923793966368,5,"1720626000-22901000"
2024-07-10 15:42:00,"15:42",15.007,22.9183561986053,17,100,"Low_Tide",22.9183561986053,5,"1720626120-22901000"
2024-07-10 15:44:00,"15:44",15.0073333333333,22.912734263655,17,100,"Low_Tide",22.912734263655,5,"1720626240-22901000"
2024-07-10 15:46:00,"15:46",15.0076666666667,22.9069285896493,17,100,"Low_Tide",22.9069285896493,5,"1720626360-22901000"
2024-07-10 15:48:00,"15:48",15.008,22.9009396187127,17,100,"Low_Tide",22.9009396187127,5,"1720626480-22901000"
2024-07-10 15:50:00,"15:50",15.0083333333333,22.8947678069284,17,100,"Low_Tide",22.8947678069284,5,"1720626600-22901000"
2024-07-10 15:52:00,"15:52",15.0086666666667,22.888413624304,17,100,"Low_Tide",22.888413624304,5,"1720626720-22901000"
2024-07-10 15:54:00,"15:54",15.009,22.881877554735,17,100,"Low_Tide",22.881877554735,5,"1720626840-22901000"
2024-07-10 15:56:00,"15:56",15.0093333333333,22.8751600959683,17,100,"Low_Tide",22.8751600959683,5,"1720626960-22901000"
2024-07-10 15:58:00,"15:58",15.0096666666667,22.8682617595646,17,100,"Low_Tide",22.8682617595646,5,"1720627080-22901000"
2024-07-10 16:00:00,"16:00",16,22.8611830708587,17,100,"Low_Tide",22.8611830708587,5,"1720627200-22901000"
2024-07-10 16:02:00,"16:02",16.0003333333333,22.8539245689204,17,100,"Low_Tide",22.8539245689204,5,"1720627320-22901000"
2024-07-10 16:04:00,"16:04",16.0006666666667,22.8464868065125,17,100,"Low_Tide",22.8464868065125,5,"1720627440-22801000"
2024-07-10 16:06:00,"16:06",16.001,22.8388703500495,17,100,"Low_Tide",22.8388703500495,5,"1720627560-22801000"
2024-07-10 16:08:00,"16:08",16.0013333333333,22.831075779554,17,100,"Low_Tide",22.831075779554,5,"1720627680-22801000"
2024-07-10 16:10:00,"16:10",16.0016666666667,22.8231036886128,17,100,"Low_Tide",22.8231036886128,5,"1720627800-22801000"
2024-07-10 16:12:00,"16:12",16.002,22.8149546843314,17,100,"Low_Tide",22.8149546843314,5,"1720627920-22801000"
2024-07-10 16:14:00,"16:14",16.0023333333333,22.8066293872881,17,100,"Low_Tide",22.8066293872881,5,"1720628040-22801000"
2024-07-10 16:16:00,"16:16",16.0026666666667,22.7981284314865,17,100,"Low_Tide",22.7981284314865,5,"1720628160-22801000"
2024-07-10 16:18:00,"16:18",16.003,22.7894524643073,17,100,"Low_Tide",22.7894524643073,5,"1720628280-22801000"
2024-07-10 16:20:00,"16:20",16.0033333333333,22.780602146459,17,100,"Low_Tide",22.780602146459,5,"1720628400-22801000"
2024-07-10 16:22:00,"16:22",16.0036666666667,22.7715781519274,17,100,"Low_Tide",22.7715781519274,5,"1720628520-22801000"
2024-07-10 16:24:00,"16:24",16.004,22.7623811679249,17,100,"Low_Tide",22.7623811679249,5,"1720628640-22801000"
2024-07-10 16:26:00,"16:26",16.0043333333333,22.7530118948372,17,100,"Low_Tide",22.7530118948372,5,"1720628760-22801000"
2024-07-10 16:28:00,"16:28",16.0046666666667,22.7434710461709,17,100,"Low_Tide",22.7434710461709,5,"1720628880-22701000"
2024-07-10 16:30:00,"16:30",16.005,22.7337593484984,17,100,"Low_Tide",22.7337593484984,5,"1720629000-22701000"
2024-07-10 16:32:00,"16:32",16.0053333333333,22.7238775414032,17,100,"Low_Tide",22.7238775414032,5,"1720629120-22701000"
2024-07-10 16:34:00,"16:34",16.0056666666667,22.7138263774231,17,100,"Low_Tide",22.7138263774231,5,"1720629240-22701000"
2024-07-10 16:36:00,"16:36",16.006,22.7036066219932,17,100,"Low_Tide",22.7036066219932,5,"1720629360-22701000"
2024-07-10 16:38:00,"16:38",16.0063333333333,22.6932190533875,17,100,"Low_Tide",22.6932190533875,5,"1720629480-22701000"
2024-07-10 16:40:00,"16:40",16.0066666666667,22.6826644626594,17,100,"Low_Tide",22.6826644626594,5,"1720629600-22701000"
2024-07-10 16:42:00,"16:42",16.007,22.671943653582,17,100,"Low_Tide",22.671943653582,5,"1720629720-22701000"
2024-07-10 16:44:00,"16:44",16.0073333333333,22.6610574425863,17,100,"Low_Tide",22.6610574425863,5,"1720629840-22701000"
2024-07-10 16:46:00,"16:46",16.0076666666667,22.6500066586995,17,100,"Low_Tide",22.6500066586995,5,"1720629960-22701000"
2024-07-10 16:48:00,"16:48",16.008,22.6387921434815,17,100,"Low_Tide",22.6387921434815,5,"1720630080-22601000"
2024-07-10 16:50:00,"16:50",16.0083333333333,22.6274147509612,17,100,"Low_Tide",22.6274147509612,5,"1720630200-22601000"
2024-07-10 16:52:00,"16:52",16.0086666666667,22.6158753475709,17,100,"Low_Tide",22.6158753475709,5,"1720630320-22601000"
2024-07-10 16:54:00,"16:54",16.009,22.604174812081,17,100,"Low_Tide",22.604174812081,5,"1720630440-22601000"
2024-07-10 16:56:00,"16:56",16.0093333333333,22.5923140355325,17,100,"Low_Tide",22.5923140355325,5,"1720630560-22601000"
2024-07-10 16:58:00,"16:58",16.0096666666667,22.5802939211695,17,100,"Low_Tide",22.5802939211695,5,"1720630680-22601000"
2024-07-10 17:00:00,"17:00",17,22.5681153843702,17,100,"Low_Tide",22.5681153843702,5,"1720630800-22601000"
2024-07-10 17:02:00,"17:02",17.0003333333333,22.5557793525773,17,100,"Low_Tide",22.5557793525773,5,"1720630920-22601000"
2024-07-10 17:04:00,"17:04",17.0006666666667,22.5432867652275,17,99.9284667804985,"Low_Tide",22.5432867652275,5,"1720631040-22501000"
2024-07-10 17:06:00,"17:06",17.001,22.5306385736795,17,99.484508706605,"Low_Tide",22.5306385736795,5,"1720631160-22500990"
2024-07-10 17:08:00,"17:08",17.0013333333333,22.5178357411423,17,99.036152685833,"Low_Tide",22.5178357411423,5,"1720631280-22500990"
2024-07-10 17:10:00,"17:10",17.0016666666667,22.504879242601,17,98.5834185388157,"Low_Tide",22.504879242601,5,"1720631400-22500990"
2024-07-10 17:12:00,"17:12",17.002,22.4917700647432,17,98.1263262797318,"Low_Tide",22.4917700647432,5,"1720631520-22500980"
2024-07-10 17:14:00,"17:14",17.0023333333333,22.4785092058835,17,97.6648961154204,"Low_Tide",22.4785092058835,5,"1720631640-22500980"
2024-07-10 17:16:00,"17:16",17.0026666666667,22.4650976758876,17,97.1991484444883,"Low_Tide",22.4650976758876,5,"1720631760-22500970"
2024-07-10 17:18:00,"17:18",17.003,22.4515364960956,17,96.7291038564074,"Low_Tide",22.4515364960956,5,"1720631880-22500970"
2024-07-10 17:20:00,"17:20",17.0033333333333,22.4378266992437,17,96.2547831306053,"Low_Tide",22.4378266992437,5,"1720632000-22400960"
2024-07-10 17:22:00,"17:22",17.0036666666667,22.423969329386,17,95.7762072355459,"Low_Tide",22.423969329386,5,"1720632120-22400960"
2024-07-10 17:24:00,"17:24",17.004,22.409965441815,17,95.2933973278034,"Low_Tide",22.409965441815,5,"1720632240-22400950"
2024-07-10 17:26:00,"17:26",17.0043333333333,22.3958161029808,17,94.806374751126,"Low_Tide",22.3958161029808,5,"1720632360-22400950"
2024-07-10 17:28:00,"17:28",17.0046666666667,22.3815223904104,17,94.3151610354932,"Low_Tide",22.3815223904104,5,"1720632480-22400940"
2024-07-10 17:30:00,"17:30",17.005,22.3670853926254,17,93.8197778961636,"Low_Tide",22.3670853926254,5,"1720632600-22400940"
2024-07-10 17:32:00,"17:32",17.0053333333333,22.3525062090591,17,93.3202472327148,"Low_Tide",22.3525062090591,5,"1720632720-22400930"
2024-07-10 17:34:00,"17:34",17.0056666666667,22.3377859499726,17,92.8165911280757,"Low_Tide",22.3377859499726,5,"1720632840-22300930"
2024-07-10 17:36:00,"17:36",17.006,22.3229257363708,17,92.3088318475498,"Low_Tide",22.3229257363708,5,"1720632960-22300920"
2024-07-10 17:38:00,"17:38",17.0063333333333,22.3079266999164,17,91.7969918378315,"Low_Tide",22.3079266999164,5,"1720633080-22300920"
2024-07-10 17:40:00,"17:40",17.0066666666667,22.2927899828442,17,91.281093726013,"Low_Tide",22.2927899828442,5,"1720633200-22300910"
2024-07-10 17:42:00,"17:42",17.007,22.2775167378736,17,90.7611603185849,"Low_Tide",22.2775167378736,5,"1720633320-22300910"
2024-07-10 17:44:00,"17:44",17.0073333333333,22.2621081281216,17,90.237214600427,"Low_Tide",22.2621081281216,5,"1720633440-22300900"
2024-07-10 17:46:00,"17:46",17.0076666666667,22.2465653270133,17,89.7092797337934,"Low_Tide",22.2465653270133,5,"1720633560-22200900"
2024-07-10 17:48:00,"17:48",17.008,22.2308895181933,17,89.1773790572873,"Low_Tide",22.2308895181933,5,"1720633680-22200890"
2024-07-10 17:50:00,"17:50",17.0083333333333,22.215081895435,17,88.6415360848303,"Low_Tide",22.215081895435,5,"1720633800-22200890"
2024-07-10 17:52:00,"17:52",17.0086666666667,22.1991436625502,17,88.1017745046221,"Low_Tide",22.1991436625502,5,"1720633920-22200880"
2024-07-10 17:54:00,"17:54",17.009,22.183076033297,17,87.5581181780941,"Low_Tide",22.183076033297,5,"1720634040-22200880"
2024-07-10 17:56:00,"17:56",17.0093333333333,22.1668802312876,17,87.0105911388537,"Low_Tide",22.1668802312876,5,"1720634160-22200870"
2024-07-10 17:58:00,"17:58",17.0096666666667,22.1505574898949,17,86.4592175916226,"Low_Tide",22.1505574898949,5,"1720634280-22200860"
2024-07-10 18:00:00,"18:00",18,22.134109052159,17,85.9040219111662,"Low_Tide",22.134109052159,5,"1720634400-22100860"
