"doy","t","temp","seas","thresh","threshCriterion","durationCriterion","event","event_no","missing","t_lead","temp_lead","missing_lead","linetype","variable"
211,2021-07-29,17.8123529770795,18.0781,19.1862,FALSE,FALSE,FALSE,NA,FALSE,2021-07-30,17.6996289665316,FALSE,"dashed","SST"
212,2021-07-30,17.6996289665316,18.0936,19.1944,FALSE,FALSE,FALSE,NA,FALSE,2021-07-31,18.0521173330454,FALSE,"dashed","SST"
213,2021-07-31,18.0521173330454,18.1064,19.2009,FALSE,FALSE,FALSE,NA,FALSE,2021-08-01,17.7597106933594,FALSE,"dashed","SST"
214,2021-08-01,17.7597106933594,18.1171,19.2013,FALSE,FALSE,FALSE,NA,FALSE,2021-08-02,17.5171447753906,FALSE,"dashed","SST"
215,2021-08-02,17.5171447753906,18.1267,19.2017,FALSE,FALSE,FALSE,NA,FALSE,2021-08-03,17.5942877633231,TRUE,"dashed","SST"
216,2021-08-03,17.5942877633231,18.1348,19.2047,FALSE,FALSE,FALSE,NA,TRUE,2021-08-04,17.6714307512556,TRUE,"solid","SST"
217,2021-08-04,17.6714307512556,18.1414,19.204,FALSE,FALSE,FALSE,NA,TRUE,2021-08-05,17.7485737391881,TRUE,"solid","SST"
218,2021-08-05,17.7485737391881,18.1462,19.2034,FALSE,FALSE,FALSE,NA,TRUE,2021-08-06,17.8257167271206,FALSE,"dashed","SST"
219,2021-08-06,17.8257167271206,18.1467,19.2006,FALSE,FALSE,FALSE,NA,FALSE,2021-08-07,15.7255385178786,FALSE,"dashed","SST"
220,2021-08-07,15.7255385178786,18.1445,19.1952,FALSE,FALSE,FALSE,NA,FALSE,2021-08-08,16.5645194420448,TRUE,"dashed","SST"
221,2021-08-08,16.5645194420448,18.1414,19.1906,FALSE,FALSE,FALSE,NA,TRUE,2021-08-09,17.4035003662109,FALSE,"dashed","SST"
222,2021-08-09,17.4035003662109,18.1362,19.1854,FALSE,FALSE,FALSE,NA,FALSE,2021-08-10,17.9135191151794,FALSE,"dashed","SST"
223,2021-08-10,17.9135191151794,18.1291,19.1795,FALSE,FALSE,FALSE,NA,FALSE,2021-08-11,17.8870328278701,TRUE,"dashed","SST"
224,2021-08-11,17.8870328278701,18.1206,19.1719,FALSE,FALSE,FALSE,NA,TRUE,2021-08-12,17.8605465405608,FALSE,"dashed","SST"
225,2021-08-12,17.8605465405608,18.109,19.1625,FALSE,FALSE,FALSE,NA,FALSE,2021-08-13,18.1630763127254,FALSE,"dashed","SST"
226,2021-08-13,18.1630763127254,18.0956,19.1513,FALSE,FALSE,FALSE,NA,FALSE,2021-08-14,18.1893973844597,FALSE,"dashed","SST"
227,2021-08-14,18.1893973844597,18.0813,19.1365,FALSE,FALSE,FALSE,NA,FALSE,2021-08-15,17.9289692966814,TRUE,"dashed","SST"
228,2021-08-15,17.9289692966814,18.0645,19.1202,FALSE,FALSE,FALSE,NA,TRUE,2021-08-16,17.668541208903,FALSE,"dashed","SST"
229,2021-08-16,17.668541208903,18.0464,19.1032,FALSE,FALSE,FALSE,NA,FALSE,2021-08-17,17.2896075188826,TRUE,"dashed","SST"
230,2021-08-17,17.2896075188826,18.0288,19.0868,FALSE,FALSE,FALSE,NA,TRUE,2021-08-18,16.9106738288622,TRUE,"solid","SST"
231,2021-08-18,16.9106738288622,18.011,19.0705,FALSE,FALSE,FALSE,NA,TRUE,2021-08-19,16.5317401388417,FALSE,"dashed","SST"
232,2021-08-19,16.5317401388417,17.9924,19.0532,FALSE,FALSE,FALSE,NA,FALSE,2021-08-20,17.2570782001202,FALSE,"dashed","SST"
233,2021-08-20,17.2570782001202,17.9729,19.0309,FALSE,FALSE,FALSE,NA,FALSE,2021-08-21,17.2333312988281,FALSE,"dashed","SST"
234,2021-08-21,17.2333312988281,17.9527,19.0086,FALSE,FALSE,FALSE,NA,FALSE,2021-08-22,16.7033359103733,FALSE,"dashed","SST"
235,2021-08-22,16.7033359103733,17.9287,18.9836,FALSE,FALSE,FALSE,NA,FALSE,2021-08-23,17.2960235963385,FALSE,"dashed","SST"
236,2021-08-23,17.2960235963385,17.9062,18.9593,FALSE,FALSE,FALSE,NA,FALSE,2021-08-24,17.4892767113375,FALSE,"dashed","SST"
237,2021-08-24,17.4892767113375,17.8832,18.9346,FALSE,FALSE,FALSE,NA,FALSE,2021-08-25,17.4977981826007,FALSE,"dashed","SST"
238,2021-08-25,17.4977981826007,17.859,18.9101,FALSE,FALSE,FALSE,NA,FALSE,2021-08-26,16.7384605994591,FALSE,"dashed","SST"
239,2021-08-26,16.7384605994591,17.8369,18.8886,FALSE,FALSE,FALSE,NA,FALSE,2021-08-27,17.5925673201278,FALSE,"dashed","SST"
240,2021-08-27,17.5925673201278,17.8131,18.8668,FALSE,FALSE,FALSE,NA,FALSE,2021-08-28,17.7997592420463,FALSE,"dashed","SST"
241,2021-08-28,17.7997592420463,17.7879,18.8431,FALSE,FALSE,FALSE,NA,FALSE,2021-08-29,17.8318290152201,FALSE,"dashed","SST"
242,2021-08-29,17.8318290152201,17.762,18.8211,FALSE,FALSE,FALSE,NA,FALSE,2021-08-30,17.5122080617137,FALSE,"dashed","SST"
243,2021-08-30,17.5122080617137,17.7337,18.8008,FALSE,FALSE,FALSE,NA,FALSE,2021-08-31,17.6552050446811,FALSE,"dashed","SST"
244,2021-08-31,17.6552050446811,17.7043,18.7787,FALSE,FALSE,FALSE,NA,FALSE,2021-09-01,17.7477918748732,FALSE,"dashed","SST"
245,2021-09-01,17.7477918748732,17.6733,18.7562,FALSE,FALSE,FALSE,NA,FALSE,2021-09-02,17.9556094285919,FALSE,"dashed","SST"
246,2021-09-02,17.9556094285919,17.6425,18.7306,FALSE,FALSE,FALSE,NA,FALSE,2021-09-03,17.9951820465456,FALSE,"dashed","SST"
247,2021-09-03,17.9951820465456,17.6098,18.7023,FALSE,FALSE,FALSE,NA,FALSE,2021-09-04,18.3660605690696,FALSE,"dashed","SST"
248,2021-09-04,18.3660605690696,17.5758,18.6711,FALSE,FALSE,FALSE,NA,FALSE,2021-09-05,18.8786110772027,FALSE,"dashed","SST"
249,2021-09-05,18.8786110772027,17.5408,18.6392,TRUE,TRUE,TRUE,127,FALSE,2021-09-06,19.4270885612391,FALSE,"dashed","SST"
250,2021-09-06,19.4270885612391,17.5042,18.604,TRUE,TRUE,TRUE,127,FALSE,2021-09-07,19.3486005916152,FALSE,"dashed","SST"
251,2021-09-07,19.3486005916152,17.4687,18.5697,TRUE,TRUE,TRUE,127,FALSE,2021-09-08,19.4999938964844,FALSE,"dashed","SST"
252,2021-09-08,19.4999938964844,17.4322,18.5323,TRUE,TRUE,TRUE,127,FALSE,2021-09-09,17.7041269453745,FALSE,"dashed","SST"
253,2021-09-09,17.7041269453745,17.3961,18.4915,FALSE,FALSE,FALSE,NA,FALSE,2021-09-10,18.2630992620764,FALSE,"dashed","SST"
254,2021-09-10,18.2630992620764,17.3605,18.4505,FALSE,FALSE,FALSE,NA,FALSE,2021-09-11,18.463615644739,FALSE,"dashed","SST"
255,2021-09-11,18.463615644739,17.3242,18.4074,TRUE,FALSE,FALSE,NA,FALSE,2021-09-12,18.5396108652091,FALSE,"dashed","SST"
256,2021-09-12,18.5396108652091,17.2879,18.3651,TRUE,FALSE,FALSE,NA,FALSE,2021-09-13,18.1650100708008,FALSE,"dashed","SST"
257,2021-09-13,18.1650100708008,17.252,18.3243,FALSE,FALSE,FALSE,NA,FALSE,2021-09-14,17.5563434879954,FALSE,"dashed","SST"
258,2021-09-14,17.5563434879954,17.2149,18.2851,FALSE,FALSE,FALSE,NA,FALSE,2021-09-15,18.6012344987425,FALSE,"dashed","SST"
259,2021-09-15,18.6012344987425,17.1783,18.246,TRUE,FALSE,FALSE,NA,FALSE,2021-09-16,18.6915800395765,FALSE,"dashed","SST"
260,2021-09-16,18.6915800395765,17.1411,18.207,TRUE,FALSE,FALSE,NA,FALSE,2021-09-17,18.401578320955,TRUE,"dashed","SST"
261,2021-09-17,18.401578320955,17.1015,18.1674,FALSE,FALSE,FALSE,NA,TRUE,2021-09-18,18.1115766023335,FALSE,"dashed","SST"
262,2021-09-18,18.1115766023335,17.0596,18.1256,FALSE,FALSE,FALSE,NA,FALSE,2021-09-19,18.052675403004,FALSE,"dashed","SST"
263,2021-09-19,18.052675403004,17.016,18.0824,FALSE,FALSE,FALSE,NA,FALSE,2021-09-20,17.7860821698163,FALSE,"dashed","SST"
264,2021-09-20,17.7860821698163,16.9698,18.0351,FALSE,FALSE,FALSE,NA,FALSE,2021-09-21,17.4472906748454,FALSE,"dashed","SST"
265,2021-09-21,17.4472906748454,16.9216,17.9853,FALSE,FALSE,FALSE,NA,FALSE,2021-09-22,17.5031707019341,FALSE,"dashed","SST"
266,2021-09-22,17.5031707019341,16.8735,17.9329,FALSE,FALSE,FALSE,NA,FALSE,2021-09-23,17.501219437762,FALSE,"dashed","SST"
267,2021-09-23,17.501219437762,16.8247,17.8779,FALSE,FALSE,FALSE,NA,FALSE,2021-09-24,17.5038671875,FALSE,"dashed","SST"
268,2021-09-24,17.5038671875,16.7751,17.82,FALSE,FALSE,FALSE,NA,FALSE,2021-09-25,16.9347831394361,FALSE,"dashed","SST"
269,2021-09-25,16.9347831394361,16.7253,17.7584,FALSE,FALSE,FALSE,NA,FALSE,2021-09-26,16.9361988265075,TRUE,"dashed","SST"
270,2021-09-26,16.9361988265075,16.6721,17.6945,FALSE,FALSE,FALSE,NA,TRUE,2021-09-27,16.9376145135789,FALSE,"dashed","SST"
271,2021-09-27,16.9376145135789,16.6183,17.628,FALSE,FALSE,FALSE,NA,FALSE,2021-09-28,17.0470001220704,FALSE,"dashed","SST"
272,2021-09-28,17.0470001220704,16.5662,17.5631,FALSE,FALSE,FALSE,NA,FALSE,2021-09-29,17.1580875172335,FALSE,"dashed","SST"
273,2021-09-29,17.1580875172335,16.5153,17.4996,FALSE,FALSE,FALSE,NA,FALSE,2021-09-30,16.2269349128969,FALSE,"dashed","SST"
274,2021-09-30,16.2269349128969,16.4654,17.435,FALSE,FALSE,FALSE,NA,FALSE,2021-10-01,16.4078196445925,TRUE,"dashed","SST"
275,2021-10-01,16.4078196445925,16.416,17.3707,FALSE,FALSE,FALSE,NA,TRUE,2021-10-02,16.5887043762881,TRUE,"solid","SST"
276,2021-10-02,16.5887043762881,16.3667,17.3064,FALSE,FALSE,FALSE,NA,TRUE,2021-10-03,16.7695891079837,FALSE,"dashed","SST"
277,2021-10-03,16.7695891079837,16.317,17.2443,FALSE,FALSE,FALSE,NA,FALSE,2021-10-04,16.2450012207032,FALSE,"dashed","SST"
278,2021-10-04,16.2450012207032,16.2661,17.1824,FALSE,FALSE,FALSE,NA,FALSE,2021-10-05,16.3176261901856,FALSE,"dashed","SST"
279,2021-10-05,16.3176261901856,16.2142,17.1206,FALSE,FALSE,FALSE,NA,FALSE,2021-10-06,16.4522469656808,FALSE,"dashed","SST"
280,2021-10-06,16.4522469656808,16.1626,17.0584,FALSE,FALSE,FALSE,NA,FALSE,2021-10-07,16.4815347929057,TRUE,"dashed","SST"
281,2021-10-07,16.4815347929057,16.1115,16.997,FALSE,FALSE,FALSE,NA,TRUE,2021-10-08,16.5108226201306,FALSE,"dashed","SST"
282,2021-10-08,16.5108226201306,16.061,16.9372,FALSE,FALSE,FALSE,NA,FALSE,2021-10-09,16.6374984741211,FALSE,"dashed","SST"
283,2021-10-09,16.6374984741211,16.0084,16.8768,FALSE,FALSE,FALSE,NA,FALSE,2021-10-10,16.2012186189978,FALSE,"dashed","SST"
284,2021-10-10,16.2012186189978,15.9524,16.8171,FALSE,FALSE,FALSE,NA,FALSE,2021-10-11,15.761210493608,FALSE,"dashed","SST"
285,2021-10-11,15.761210493608,15.896,16.7578,FALSE,FALSE,FALSE,NA,FALSE,2021-10-12,16.1207596790942,FALSE,"dashed","SST"
286,2021-10-12,16.1207596790942,15.8394,16.7037,FALSE,FALSE,FALSE,NA,FALSE,2021-10-13,16.1499988132053,FALSE,"dashed","SST"
287,2021-10-13,16.1499988132053,15.7831,16.6491,FALSE,FALSE,FALSE,NA,FALSE,2021-10-14,16.0015046953357,TRUE,"dashed","SST"
288,2021-10-14,16.0015046953357,15.7269,16.5944,FALSE,FALSE,FALSE,NA,TRUE,2021-10-15,15.8530105774661,FALSE,"dashed","SST"
289,2021-10-15,15.8530105774661,15.6709,16.5385,FALSE,FALSE,FALSE,NA,FALSE,2021-10-16,15.3886938187013,TRUE,"dashed","SST"
290,2021-10-16,15.3886938187013,15.6141,16.4838,FALSE,FALSE,FALSE,NA,TRUE,2021-10-17,14.9243770599365,FALSE,"dashed","SST"
291,2021-10-17,14.9243770599365,15.556,16.4246,FALSE,FALSE,FALSE,NA,FALSE,2021-10-18,15.1790605545044,TRUE,"dashed","SST"
211,2021-07-29,19.8,21.8013,26.8452,FALSE,FALSE,FALSE,NA,NA,NA,NA,NA,NA,"Air"
212,2021-07-30,19,21.7978,26.7813,FALSE,FALSE,FALSE,NA,NA,NA,NA,NA,NA,"Air"
213,2021-07-31,19,21.7903,26.7271,FALSE,FALSE,FALSE,NA,NA,NA,NA,NA,NA,"Air"
214,2021-08-01,19.2,21.7812,26.6568,FALSE,FALSE,FALSE,NA,NA,NA,NA,NA,NA,"Air"
215,2021-08-02,19.9,21.7707,26.5858,FALSE,FALSE,FALSE,NA,NA,NA,NA,NA,NA,"Air"
216,2021-08-03,16.6,21.7571,26.5219,FALSE,FALSE,FALSE,NA,NA,NA,NA,NA,NA,"Air"
217,2021-08-04,20.9,21.7421,26.46,FALSE,FALSE,FALSE,NA,NA,NA,NA,NA,NA,"Air"
218,2021-08-05,19.5,21.7253,26.3987,FALSE,FALSE,FALSE,NA,NA,NA,NA,NA,NA,"Air"
219,2021-08-06,18.8,21.7063,26.3432,FALSE,FALSE,FALSE,NA,NA,NA,NA,NA,NA,"Air"
220,2021-08-07,18.3,21.6887,26.2916,FALSE,FALSE,FALSE,NA,NA,NA,NA,NA,NA,"Air"
221,2021-08-08,18.7,21.6723,26.249,FALSE,FALSE,FALSE,NA,NA,NA,NA,NA,NA,"Air"
222,2021-08-09,19.4,21.6566,26.2071,FALSE,FALSE,FALSE,NA,NA,NA,NA,NA,NA,"Air"
223,2021-08-10,20.1,21.6403,26.1716,FALSE,FALSE,FALSE,NA,NA,NA,NA,NA,NA,"Air"
224,2021-08-11,20.1,21.6234,26.1361,FALSE,FALSE,FALSE,NA,NA,NA,NA,NA,NA,"Air"
225,2021-08-12,22.2,21.6062,26.1039,FALSE,FALSE,FALSE,NA,NA,NA,NA,NA,NA,"Air"
226,2021-08-13,20.8,21.5876,26.0684,FALSE,FALSE,FALSE,NA,NA,NA,NA,NA,NA,"Air"
227,2021-08-14,25.5,21.5682,26.0335,FALSE,FALSE,FALSE,NA,NA,NA,NA,NA,NA,"Air"
228,2021-08-15,19.6,21.5495,26.0045,FALSE,FALSE,FALSE,NA,NA,NA,NA,NA,NA,"Air"
229,2021-08-16,20.5,21.53,25.9729,FALSE,FALSE,FALSE,NA,NA,NA,NA,NA,NA,"Air"
230,2021-08-17,18.1,21.5108,25.9503,FALSE,FALSE,FALSE,NA,NA,NA,NA,NA,NA,"Air"
231,2021-08-18,17.3,21.4895,25.9245,FALSE,FALSE,FALSE,NA,NA,NA,NA,NA,NA,"Air"
232,2021-08-19,18.6,21.4658,25.889,FALSE,FALSE,FALSE,NA,NA,NA,NA,NA,NA,"Air"
233,2021-08-20,21.4,21.4386,25.8503,FALSE,FALSE,FALSE,NA,NA,NA,NA,NA,NA,"Air"
234,2021-08-21,19.8,21.41,25.8084,FALSE,FALSE,FALSE,NA,NA,NA,NA,NA,NA,"Air"
235,2021-08-22,20.4,21.3797,25.7626,FALSE,FALSE,FALSE,NA,NA,NA,NA,NA,NA,"Air"
236,2021-08-23,23.9,21.3462,25.7265,FALSE,FALSE,FALSE,NA,NA,NA,NA,NA,NA,"Air"
237,2021-08-24,23.8,21.311,25.6916,FALSE,FALSE,FALSE,NA,NA,NA,NA,NA,NA,"Air"
238,2021-08-25,24.1,21.2727,25.6568,FALSE,FALSE,FALSE,NA,NA,NA,NA,NA,NA,"Air"
239,2021-08-26,22.9,21.2311,25.6245,FALSE,FALSE,FALSE,NA,NA,NA,NA,NA,NA,"Air"
240,2021-08-27,21.5,21.1858,25.5858,FALSE,FALSE,FALSE,NA,NA,NA,NA,NA,NA,"Air"
241,2021-08-28,22.4,21.1374,25.5406,FALSE,FALSE,FALSE,NA,NA,NA,NA,NA,NA,"Air"
242,2021-08-29,21.7,21.0855,25.4858,FALSE,FALSE,FALSE,NA,NA,NA,NA,NA,NA,"Air"
243,2021-08-30,20.9,21.0306,25.4303,FALSE,FALSE,FALSE,NA,NA,NA,NA,NA,NA,"Air"
244,2021-08-31,21.9,20.9756,25.369,FALSE,FALSE,FALSE,NA,NA,NA,NA,NA,NA,"Air"
245,2021-09-01,22.2,20.9177,25.3077,FALSE,FALSE,FALSE,NA,NA,NA,NA,NA,NA,"Air"
246,2021-09-02,24.2,20.856,25.2426,FALSE,FALSE,FALSE,NA,NA,NA,NA,NA,NA,"Air"
247,2021-09-03,24.5,20.7932,25.1677,FALSE,FALSE,FALSE,NA,NA,NA,NA,NA,NA,"Air"
248,2021-09-04,23.4,20.7268,25.0845,FALSE,FALSE,FALSE,NA,NA,NA,NA,NA,NA,"Air"
249,2021-09-05,23.8,20.6572,24.9942,FALSE,FALSE,FALSE,NA,NA,NA,NA,NA,NA,"Air"
250,2021-09-06,30,20.5854,24.8981,TRUE,TRUE,TRUE,501,NA,NA,NA,NA,NA,"Air"
251,2021-09-07,30.8,20.5105,24.7948,TRUE,TRUE,TRUE,501,NA,NA,NA,NA,NA,"Air"
252,2021-09-08,22.4,20.4323,24.6916,FALSE,FALSE,FALSE,NA,NA,NA,NA,NA,NA,"Air"
253,2021-09-09,20.6,20.3499,24.5819,FALSE,FALSE,FALSE,NA,NA,NA,NA,NA,NA,"Air"
254,2021-09-10,19.8,20.2635,24.4652,FALSE,FALSE,FALSE,NA,NA,NA,NA,NA,NA,"Air"
255,2021-09-11,21,20.1735,24.3426,FALSE,FALSE,FALSE,NA,NA,NA,NA,NA,NA,"Air"
256,2021-09-12,22.4,20.0809,24.2135,FALSE,FALSE,FALSE,NA,NA,NA,NA,NA,NA,"Air"
257,2021-09-13,24.8,19.9862,24.0813,TRUE,FALSE,FALSE,NA,NA,NA,NA,NA,NA,"Air"
258,2021-09-14,22.1,19.8877,23.9426,FALSE,FALSE,FALSE,NA,NA,NA,NA,NA,NA,"Air"
259,2021-09-15,20.8,19.786,23.8,FALSE,FALSE,FALSE,NA,NA,NA,NA,NA,NA,"Air"
260,2021-09-16,21.5,19.6816,23.6548,FALSE,FALSE,FALSE,NA,NA,NA,NA,NA,NA,"Air"
261,2021-09-17,20,19.5735,23.5032,FALSE,FALSE,FALSE,NA,NA,NA,NA,NA,NA,"Air"
262,2021-09-18,19.5,19.4627,23.351,FALSE,FALSE,FALSE,NA,NA,NA,NA,NA,NA,"Air"
263,2021-09-19,18.9,19.3505,23.1897,FALSE,FALSE,FALSE,NA,NA,NA,NA,NA,NA,"Air"
264,2021-09-20,20,19.2379,23.031,FALSE,FALSE,FALSE,NA,NA,NA,NA,NA,NA,"Air"
265,2021-09-21,22.1,19.1242,22.8723,FALSE,FALSE,FALSE,NA,NA,NA,NA,NA,NA,"Air"
266,2021-09-22,21.7,19.0092,22.7181,FALSE,FALSE,FALSE,NA,NA,NA,NA,NA,NA,"Air"
267,2021-09-23,21.7,18.8954,22.5639,FALSE,FALSE,FALSE,NA,NA,NA,NA,NA,NA,"Air"
268,2021-09-24,19.1,18.7813,22.4123,FALSE,FALSE,FALSE,NA,NA,NA,NA,NA,NA,"Air"
269,2021-09-25,19.8,18.6673,22.2606,FALSE,FALSE,FALSE,NA,NA,NA,NA,NA,NA,"Air"
270,2021-09-26,20,18.5538,22.1058,FALSE,FALSE,FALSE,NA,NA,NA,NA,NA,NA,"Air"
271,2021-09-27,18.4,18.4417,21.9542,FALSE,FALSE,FALSE,NA,NA,NA,NA,NA,NA,"Air"
272,2021-09-28,18.4,18.3304,21.8032,FALSE,FALSE,FALSE,NA,NA,NA,NA,NA,NA,"Air"
273,2021-09-29,17.1,18.219,21.6619,FALSE,FALSE,FALSE,NA,NA,NA,NA,NA,NA,"Air"
274,2021-09-30,18.1,18.1065,21.52,FALSE,FALSE,FALSE,NA,NA,NA,NA,NA,NA,"Air"
275,2021-10-01,18.2,17.9906,21.3748,FALSE,FALSE,FALSE,NA,NA,NA,NA,NA,NA,"Air"
276,2021-10-02,17.6,17.8741,21.229,FALSE,FALSE,FALSE,NA,NA,NA,NA,NA,NA,"Air"
277,2021-10-03,16.8,17.7571,21.0781,FALSE,FALSE,FALSE,NA,NA,NA,NA,NA,NA,"Air"
278,2021-10-04,17.5,17.6366,20.9174,FALSE,FALSE,FALSE,NA,NA,NA,NA,NA,NA,"Air"
279,2021-10-05,17.4,17.5151,20.7561,FALSE,FALSE,FALSE,NA,NA,NA,NA,NA,NA,"Air"
280,2021-10-06,16.9,17.3946,20.6013,FALSE,FALSE,FALSE,NA,NA,NA,NA,NA,NA,"Air"
281,2021-10-07,17.5,17.2733,20.4465,FALSE,FALSE,FALSE,NA,NA,NA,NA,NA,NA,"Air"
282,2021-10-08,19.2,17.1505,20.2916,FALSE,FALSE,FALSE,NA,NA,NA,NA,NA,NA,"Air"
283,2021-10-09,21,17.0261,20.1342,TRUE,FALSE,FALSE,NA,NA,NA,NA,NA,NA,"Air"
284,2021-10-10,19,16.9016,19.9826,FALSE,FALSE,FALSE,NA,NA,NA,NA,NA,NA,"Air"
285,2021-10-11,18.8,16.7786,19.831,FALSE,FALSE,FALSE,NA,NA,NA,NA,NA,NA,"Air"
286,2021-10-12,17.3,16.6583,19.6826,FALSE,FALSE,FALSE,NA,NA,NA,NA,NA,NA,"Air"
287,2021-10-13,18.9,16.5385,19.5439,FALSE,FALSE,FALSE,NA,NA,NA,NA,NA,NA,"Air"
288,2021-10-14,16.3,16.4177,19.4084,FALSE,FALSE,FALSE,NA,NA,NA,NA,NA,NA,"Air"
289,2021-10-15,17.5,16.2964,19.2755,FALSE,FALSE,FALSE,NA,NA,NA,NA,NA,NA,"Air"
290,2021-10-16,17.3,16.1735,19.1374,FALSE,FALSE,FALSE,NA,NA,NA,NA,NA,NA,"Air"
291,2021-10-17,17.2,16.0486,18.9987,FALSE,FALSE,FALSE,NA,NA,NA,NA,NA,NA,"Air"
292,2021-10-18,17.2,15.923,18.8632,FALSE,FALSE,FALSE,NA,NA,NA,NA,NA,NA,"Air"
293,2021-10-19,19.1,15.7968,18.7219,TRUE,FALSE,FALSE,NA,NA,NA,NA,NA,NA,"Air"
294,2021-10-20,17.5,15.67,18.5865,FALSE,FALSE,FALSE,NA,NA,NA,NA,NA,NA,"Air"
295,2021-10-21,16.3,15.5423,18.4484,FALSE,FALSE,FALSE,NA,NA,NA,NA,NA,NA,"Air"
296,2021-10-22,14.5,15.4122,18.3071,FALSE,FALSE,FALSE,NA,NA,NA,NA,NA,NA,"Air"
297,2021-10-23,14.2,15.2805,18.1619,FALSE,FALSE,FALSE,NA,NA,NA,NA,NA,NA,"Air"
298,2021-10-24,15.6,15.146,18.0103,FALSE,FALSE,FALSE,NA,NA,NA,NA,NA,NA,"Air"
299,2021-10-25,16.2,15.0103,17.8555,FALSE,FALSE,FALSE,NA,NA,NA,NA,NA,NA,"Air"
300,2021-10-26,16.7,14.8739,17.7006,FALSE,FALSE,FALSE,NA,NA,NA,NA,NA,NA,"Air"
301,2021-10-27,16.8,14.7372,17.5523,FALSE,FALSE,FALSE,NA,NA,NA,NA,NA,NA,"Air"
