"path","filename","lat","lon","Target_types"
"Data/Aveiro/Natural/P7170125.JPG","P7170125.JPG",NA,NA,"Unimpacted"
"Data/Aveiro/Natural/P7170126.JPG","P7170126.JPG",NA,NA,"Impacted"
"Data/Aveiro/Natural/P7170127.JPG","P7170127.JPG",NA,NA,"Impacted"
"Data/Aveiro/Natural/P7170128.JPG","P7170128.JPG",NA,NA,"Impacted"
"Data/Aveiro/Natural/P7170129.JPG","P7170129.JPG",NA,NA,"Impacted"
"Data/Aveiro/Natural/P7170152.JPG","P7170152.JPG",NA,NA,"Impacted"
"Data/Aveiro/Natural/P7170153.JPG","P7170153.JPG",NA,NA,"Impacted"
"Data/Aveiro/Natural/P7170154.JPG","P7170154.JPG",NA,NA,"Impacted"
"Data/Aveiro/Natural/P7170155.JPG","P7170155.JPG",NA,NA,"Impacted"
"Data/Aveiro/Natural/P7170156.JPG","P7170156.JPG",NA,NA,"Impacted"
"Data/Aveiro/Natural/P7170157.JPG","P7170157.JPG",NA,NA,"Unimpacted"
"Data/Aveiro/Natural/P7170158.JPG","P7170158.JPG",NA,NA,"Impacted"
"Data/Aveiro/Natural/P7170159.JPG","P7170159.JPG",NA,NA,"Impacted"
"Data/Aveiro/Natural/P7170160.JPG","P7170160.JPG",NA,NA,"Impacted"
"Data/Aveiro/Natural/P7170161.JPG","P7170161.JPG",NA,NA,"Impacted"
"Data/Aveiro/Natural/P7170164.JPG","P7170164.JPG",NA,NA,"mud"
"Data/Aveiro/Natural/P7170165.JPG","P7170165.JPG",NA,NA,"mud"
"Data/Aveiro/Natural/P7170166.JPG","P7170166.JPG",NA,NA,"Impacted"
"Data/Aveiro/Natural/P7170167.JPG","P7170167.JPG",NA,NA,"mud"
"Data/Aveiro/Natural/P7170168.JPG","P7170168.JPG",NA,NA,"mud"
"Data/Aveiro/Natural/P7170169.JPG","P7170169.JPG",NA,NA,"Impacted"
"Data/Aveiro/Natural/P7170170.JPG","P7170170.JPG",NA,NA,"Impacted"
"Data/Aveiro/Natural/P7170171.JPG","P7170171.JPG",NA,NA,"Impacted"
"Data/Aveiro/Natural/P7170172.JPG","P7170172.JPG",NA,NA,"Impacted"
"Data/Aveiro/Natural/P7170173.JPG","P7170173.JPG",NA,NA,"Impacted"
"Data/Aveiro/Natural/P7170174.JPG","P7170174.JPG",NA,NA,"Impacted"
"Data/Aveiro/Natural/P7170176.JPG","P7170176.JPG",NA,NA,"Impacted"
"Data/Aveiro/Natural/P7170177.JPG","P7170177.JPG",NA,NA,"Impacted"
"Data/Aveiro/Natural/P7170178.JPG","P7170178.JPG",NA,NA,"Impacted"
"Data/Aveiro/Natural/P7170179.JPG","P7170179.JPG",NA,NA,"Impacted"
"Data/Aveiro/Natural/P7170180.JPG","P7170180.JPG",NA,NA,"Impacted"
"Data/Aveiro/Natural/P7170181.JPG","P7170181.JPG",NA,NA,"mud"
"Data/Aveiro/Natural/P7170182.JPG","P7170182.JPG",NA,NA,"Impacted"
"Data/Aveiro/Natural/P7170183.JPG","P7170183.JPG",NA,NA,"Impacted"
"Data/Aveiro/Natural/P7170184.JPG","P7170184.JPG",NA,NA,"Impacted"
"Data/Aveiro/Natural/P7170185.JPG","P7170185.JPG",NA,NA,"Unimpacted"
"Data/Aveiro/Natural/P7170186.JPG","P7170186.JPG",NA,NA,"mud"
"Data/Aveiro/Natural/P7170187.JPG","P7170187.JPG",NA,NA,"mud"
"Data/Aveiro/Natural/P7170188.JPG","P7170188.JPG",NA,NA,"Impacted"
"Data/Aveiro/Natural/P7170189.JPG","P7170189.JPG",NA,NA,"Impacted"
"Data/Aveiro/Natural/P7170190.JPG","P7170190.JPG",NA,NA,"Impacted"
"Data/Aveiro/Natural/P7170191.JPG","P7170191.JPG",NA,NA,"Impacted"
"Data/Aveiro/Natural/P7170192.JPG","P7170192.JPG",NA,NA,"Impacted"
"Data/Aveiro/Natural/P7170193.JPG","P7170193.JPG",NA,NA,"Impacted"
"Data/Aveiro/Natural/P7170194.JPG","P7170194.JPG",NA,NA,"Unimpacted"
"Data/Aveiro/Rewilded/P7150059.JPG","P7150059.JPG",NA,NA,"Unimpacted"
"Data/Aveiro/Rewilded/P7150061.JPG","P7150061.JPG",NA,NA,"mud"
"Data/Aveiro/Rewilded/P7150062.JPG","P7150062.JPG",NA,NA,"Unimpacted"
"Data/Aveiro/Rewilded/P7150063.JPG","P7150063.JPG",NA,NA,"Unimpacted"
"Data/Aveiro/Rewilded/P7150065.JPG","P7150065.JPG",NA,NA,"Unimpacted"
"Data/Aveiro/Rewilded/P7150066.JPG","P7150066.JPG",NA,NA,"mud"
"Data/Aveiro/Rewilded/P7150067.JPG","P7150067.JPG",NA,NA,"mud"
"Data/Aveiro/Rewilded/P7150068.JPG","P7150068.JPG",NA,NA,"Impacted"
"Data/Aveiro/Rewilded/P7150069.JPG","P7150069.JPG",NA,NA,"Impacted"
"Data/Aveiro/Rewilded/P7150070.JPG","P7150070.JPG",NA,NA,"Impacted"
"Data/Aveiro/Rewilded/P7150071.JPG","P7150071.JPG",NA,NA,"Impacted"
"Data/Aveiro/Rewilded/P7150072.JPG","P7150072.JPG",NA,NA,"mud"
"Data/Aveiro/Rewilded/P7150073.JPG","P7150073.JPG",NA,NA,"Impacted"
"Data/Aveiro/Rewilded/P7150074.JPG","P7150074.JPG",NA,NA,"Unimpacted"
"Data/Aveiro/Rewilded/P7150075.JPG","P7150075.JPG",NA,NA,"Unimpacted"
"Data/Aveiro/Rewilded/P7150076.JPG","P7150076.JPG",NA,NA,"Unimpacted"
"Data/Aveiro/Rewilded/P7150077.JPG","P7150077.JPG",NA,NA,"Unimpacted"
"Data/Aveiro/Rewilded/P7150078.JPG","P7150078.JPG",NA,NA,"Unimpacted"
"Data/Aveiro/Rewilded/P7150079.JPG","P7150079.JPG",NA,NA,"mud"
"Data/Aveiro/Rewilded/P7150080.JPG","P7150080.JPG",NA,NA,"Unimpacted"
"Data/Aveiro/Rewilded/P7150081.JPG","P7150081.JPG",NA,NA,"Unimpacted"
"Data/Aveiro/Rewilded/P7150082.JPG","P7150082.JPG",NA,NA,"Unimpacted"
"Data/Aveiro/Rewilded/P7150083.JPG","P7150083.JPG",NA,NA,"Unimpacted"
"Data/Aveiro/Rewilded/P7150084.JPG","P7150084.JPG",NA,NA,"Unimpacted"
"Data/Aveiro/Rewilded/P7150085.JPG","P7150085.JPG",NA,NA,"mud"
"Data/Aveiro/Rewilded/P7150086.JPG","P7150086.JPG",NA,NA,"Unimpacted"
"Data/Aveiro/Rewilded/P7150087.JPG","P7150087.JPG",NA,NA,"Unimpacted"
"Data/Aveiro/Rewilded/P7150088.JPG","P7150088.JPG",NA,NA,"Unimpacted"
"Data/Aveiro/Rewilded/P7150089.JPG","P7150089.JPG",NA,NA,"mud"
"Data/Aveiro/Rewilded/P7150090.JPG","P7150090.JPG",NA,NA,"mud"
"Data/Aveiro/Rewilded/P7150091.JPG","P7150091.JPG",NA,NA,"mud"
"Data/Aveiro/Rewilded/P7160092.JPG","P7160092.JPG",NA,NA,"mud"
"Data/Aveiro/Rewilded/P7160093.JPG","P7160093.JPG",NA,NA,"mud"
"Data/Aveiro/Rewilded/P7160094.JPG","P7160094.JPG",NA,NA,"Unimpacted"
"Data/Aveiro/Rewilded/P7160095.JPG","P7160095.JPG",NA,NA,"Unimpacted"
"Data/Aveiro/Rewilded/P7160096.JPG","P7160096.JPG",NA,NA,"Unimpacted"
"Data/Aveiro/Rewilded/P7160102.JPG","P7160102.JPG",NA,NA,"Unimpacted"
"Data/Aveiro/Rewilded/P7160103.JPG","P7160103.JPG",NA,NA,"mud"
"Data/Aveiro/Rewilded/P7160104.JPG","P7160104.JPG",NA,NA,"mud"
"Data/Aveiro/Rewilded/P7160112.JPG","P7160112.JPG",NA,NA,"Unimpacted"
"Data/Aveiro/Rewilded/P7160113.JPG","P7160113.JPG",NA,NA,"Unimpacted"
